WKT,ID,名前,EN,住所,URL,無人化日,廃止日,スタンプ設置,住所判定用
"POINT (138.7401485165968 36.34176515567557)",16114.0,上信越自動車道横川SA,JOSHIN-ETSU EXPWY Yokokawa Service Area,〒379-0301 上り：群馬県安中市松井田町横川大林917、下り：群馬県安中市松井田町横川井戸入917,https://stamp.funakiya.com/hw-yokokawa.html,,,設置あり,36.34176515567557, 138.7401485165968
"POINT (136.52820618174277 36.533893453767206)",16236.0,北陸自動車道徳光PA,HOKURIKU EXPWY Tokumitsu Parking Area,〒924-0071 上り：石川県白山市徳光町2494-2、下り：石川県白山市徳光町2495-1,https://stamp.funakiya.com/hw-tokumitsu.html,,,設置あり,36.533893453767206, 136.52820618174277
"POINT (137.93206531251727 36.271083850287496)",16259.0,長野自動車道梓川SA,NAGANO EXPWY Azusagawa Service Area,〒399-8204 / 390-0851 上り：長野県安曇野市豊科高家972-5、下り：長野県松本市島内西河原6931-5,https://stamp.funakiya.com/hw-azusagawa.html,,,設置あり,36.271083850287496, 137.93206531251727
"POINT (139.50479912372086 35.84267887711717)",16269.0,関越自動車道三芳PA,KAN-ETSU EXPWY Miyoshi Parking Area,〒354-0045 上り：埼玉県入間郡三芳町上富2204、下り：埼玉県入間郡三芳町上富東永久保2245-1,https://stamp.funakiya.com/hw-miyoshi.html,,,設置あり,35.84267887711717, 139.50479912372086
"POINT (138.07801950815897 36.0268152430274)",16283.0,中央自動車道諏訪湖SA,CHUO EXPWY Suwako Service Area,〒392-0016 / 394-0044 上り：長野県諏訪市豊田所久保3118、下り：長野県岡谷市湊方久保435,https://stamp.funakiya.com/hw-suwako.html,,,設置あり,36.0268152430274, 138.07801950815897
"POINT (138.5106986737067 35.67993292481915)",16284.0,中央自動車道双葉SA,CHUO EXPWY Futaba Service Area,〒400-0104 上り：山梨県甲斐市龍地2395、下り：山梨県甲斐市龍地2630,https://stamp.funakiya.com/hw-futaba.html,,,設置あり,35.67993292481915, 138.5106986737067
"POINT (137.60731423542612 34.78137618284647)",16317.0,東名高速道路浜名湖SA,TOMEI EXPWY Hamanako Service Area,〒431-1401 上下線共通：静岡県浜松市北区三ヶ日町佐久米47-1,https://stamp.funakiya.com/hw-hamanako.html,,,設置あり,34.78137618284647, 137.60731423542612
"POINT (138.1585866277371 34.76109735814017)",16318.0,東名高速道路牧之原SA,TOMEI EXPWY Makinohara Service Area,〒421-0404 上り：静岡県牧之原市静谷2559-3、下り：静岡県牧之原市静谷2545-9,https://stamp.funakiya.com/hw-makinohara.html,,,設置あり,34.76109735814017, 138.1585866277371
"POINT (141.51261007973878 42.95265412915277)",16357.0,道央自動車道輪厚PA,DO-O EXPWY Wattsu Parking Area,〒061-1264 上り：北海道北広島市輪厚531-6、下り：北海道北広島市輪厚522-7,https://stamp.funakiya.com/hw-wattsu.html,,,設置あり,42.95265412915277, 141.51261007973878
"POINT (137.75039628111404 34.843286914415536)",16429.0,新東名高速道路浜松SA,SHIN-TOMEI EXPWY Hamamatsu Service Area,〒434-0005 / 431-2102 上り：静岡県浜松市浜北区大平36、下り：静岡県浜松市浜北区都田町3928-60,https://stamp.funakiya.com/hw-hamamatsu.html,,,設置あり,34.843286914415536, 137.75039628111404
"POINT (139.3988109449693 35.432124853406215)",16430.0,東名高速道路海老名SA,TOMEI EXPWY Ebina Service Area,〒243-0418 上り：神奈川県海老名市大谷南5-1-2、下り：神奈川県海老名市大谷南5-2-1,https://stamp.funakiya.com/hw-ebina.html,,,設置あり,35.432124853406215, 139.3988109449693
"POINT (140.34303491361155 36.31000207687677)",16449.0,常磐自動車道友部SA,JOBAN EXPWY Tomobe Service Area,〒309-1712 上り：茨城県笠間市長兎路梶山久保1059-6、下り：茨城県笠間市長兎路梶山久保1051-3,https://stamp.funakiya.com/hw-tomobe.html,,,設置あり,36.31000207687677, 140.34303491361155
"POINT (135.296072602485 34.82898629817243)",16610.0,中国自動車道西宮名塩SA,CHUGOKU EXPWY Nishinomiya-Najio Service Area,〒669-1141 上り：兵庫県西宮市塩瀬町名塩白阪1252、下り：兵庫県西宮市塩瀬町名塩906,https://stamp.funakiya.com/hw-nishinomiya.html,,,設置あり,34.82898629817243, 135.296072602485
"POINT (139.97007653270697 35.93923827185309)",16685.0,常磐自動車道守谷SA,JOBAN EXPWY Moriya Service Area,〒302-0116 / 302-0117 上り：茨城県守谷市大柏166、下り：茨城県守谷市野木崎97-3,https://stamp.funakiya.com/hw-moriya.html,,,設置あり,35.93923827185309, 139.97007653270697
"POINT (139.58814810255484 36.181522103732135)",16750.0,東北自動車道羽生PA,TOHOKU EXPWY Hanyū Parking Area,〒348-0004 上り：埼玉県羽生市弥勒五軒1686、下り：埼玉県羽生市弥勒三新田824,https://stamp.funakiya.com/hw-hanyu.html,,,設置あり,36.181522103732135, 139.58814810255484
"POINT (136.87196820890009 36.62548394200846)",17583.0,北陸自動車道小矢部川SA,HOKURIKU EXPWY Oyabegawa Service Area,〒932-0122 / 932-0128 上り：富山県小矢部市浅地171-1、下り：富山県小矢部市戸久殿山4682,https://stamp.funakiya.com/hw-oyabegawa.html,,,設置あり,36.62548394200846, 136.87196820890009
"POINT (136.32315409972935 36.35098260046249)",17584.0,北陸自動車道尼御前SA,HOKURIKU EXPWY Amagozen Service Area,〒922-0551 上り：石川県加賀市美岬町ナ48、下り：石川県加賀市美岬町尼ゴジ3-2,https://stamp.funakiya.com/hw-amagozen.html,,,設置あり,36.35098260046249, 136.32315409972935
"POINT (138.51298871957655 35.13166513243779)",17740.0,新東名高速道路清水PA,SHIN-TOMEI EXPWY Shimizu Parking Area,〒424-0302 上下線共通：静岡県静岡市清水区小河内885-15,https://stamp.funakiya.com/hw-shimizu.html,,,設置あり,35.13166513243779, 138.51298871957655
"POINT (139.5273980915942 35.5331942592729)",17872.0,東名高速道路港北PA,TOMEI EXPWY Kōhoku Parking Area,〒226-0024 / 226-0021 上り：神奈川県横浜市緑区西八朔町1144、下り：神奈川県横浜市緑区北八朔町2160,https://stamp.funakiya.com/hw-kohoku.html,,,設置あり,35.5331942592729, 139.5273980915942
"POINT (137.90651170690165 34.82657168016391)",17873.0,新東名高速道路遠州森町PA,SHIN-TOMEI EXPWY Enshū-Morimachi Parking Area,〒437-0221 上り：静岡県周智郡森町円田903-4、下り：静岡県周智郡森町円田954-3,https://stamp.funakiya.com/hw-enshumorimachi.html,,,設置あり,34.82657168016391, 137.90651170690165
"POINT (136.29395662522452 34.914504150726096)",17874.0,新名神高速道路土山SA,SHIN-MEISHIN EXPWY Tsuchiyama Service Area,〒528-0212 上下線共通：滋賀県甲賀市土山町南土山1122-74,https://stamp.funakiya.com/hw-tsuchiyama.html,,,設置あり,34.914504150726096, 136.29395662522452
"POINT (141.93009844589946 43.52924124637148)",18215.0,道央自動車道砂川SA,DO-O EXPWY Sunagawa Service Area,〒073-0106 上り：北海道砂川市空知太490-2、下り：北海道砂川市空知太478,https://stamp.funakiya.com/hw-sunagawa.html,,,設置あり,43.52924124637148, 141.93009844589946
"POINT (141.80439972382752 43.194314269248096)",18216.0,道央自動車道岩見沢SA,DO-O EXPWY Iwamizawa Service Area,〒068-0826 上り：北海道岩見沢市東山町96-3、下り：北海道岩見沢市東山町72-8,https://stamp.funakiya.com/hw-iwamizawa.html,,,設置あり,43.194314269248096, 141.80439972382752
"POINT (141.53485416496702 43.0790428489623)",18217.0,道央自動車道野幌PA,DO-O EXPWY Nopporo Parking Area,〒069-0832 上り：北海道江別市西野幌69-7、下り：北海道江別市西野幌36-2,https://stamp.funakiya.com/hw-nopporo.html,,,設置あり,43.0790428489623, 141.53485416496702
"POINT (137.10827359754566 36.68174793433633)",18226.0,北陸自動車道呉羽PA,HOKURIKU EXPWY Kureha Parking Area,〒939-0300 / 939-0318 上り：富山県射水市山本二枚田38-7、下り：富山県射水市山本池多860,https://stamp.funakiya.com/hw-kureha.html,,,設置あり,36.68174793433633, 137.10827359754566
"POINT (137.40018190684657 36.770022335001904)",18227.0,北陸自動車道有磯海SA,HOKURIKU EXPWY Arisoumi Service Area,〒936-0803 / 937-0823 上り：富山県滑川市栗山松ヶ窪2913-10、下り：富山県魚津市湯上848,https://stamp.funakiya.com/hw-arisoumi.html,,,設置あり,36.770022335001904, 137.40018190684657
"POINT (137.60846102362757 36.97221899537856)",18228.0,北陸自動車道越中境PA,HOKURIKU EXPWY Etchūsakai Parking Area,〒939-0704 上り：富山県下新川郡朝日町境馬場山156-1、下り：富山県下新川郡朝日町境馬場山102,https://stamp.funakiya.com/hw-etchusakai.html,,,設置あり,36.97221899537856, 137.60846102362757
"POINT (137.86967839595215 37.0323488357566)",18229.0,北陸自動車道蓮台寺PA,HOKURIKU EXPWY Rendaiji Parking Area,〒941-0055 上り：新潟県糸魚川市蓮台寺塚之越646-2、下り：新潟県糸魚川市蓮台寺竹屋原395-2,https://stamp.funakiya.com/hw-rendaiji.html,,,設置あり,37.0323488357566, 137.86967839595215
"POINT (138.11244147534146 37.165447414207875)",18248.0,北陸自動車道名立谷浜SA,HOKURIKU EXPWY Nadachi Tanihama Service Area,〒949-1706 上り：新潟県上越市茶屋ヶ原宮ノ平2787-2、下り：新潟県上越市茶屋ヶ原宮ノ平2814,https://stamp.funakiya.com/hw-nadachitanihama.html,,,設置あり,37.165447414207875, 138.11244147534146
"POINT (139.1202785158098 36.2560579517608)",18390.0,関越自動車道上里SA,KAN-ETSU EXPWY Kamisato Service Area,〒369-0317 上り：埼玉県児玉郡上里町五明若宮836-1、下り：埼玉県児玉郡上里町五明若宮820,https://stamp.funakiya.com/hw-kamisato.html,,,設置あり,36.2560579517608, 139.1202785158098
"POINT (139.61967210192012 35.80090823245716)",18430.0,東京外環自動車道新倉PA,GAIKAN EXPWY Niikura Parking Area,〒351-0115 上下線共通：埼玉県和光市新倉4-19-1,https://stamp.funakiya.com/hw-niikura.html,,,設置あり,35.80090823245716, 139.61967210192012
"POINT (139.38494855164822 35.98544218319323)",18431.0,関越自動車道高坂SA,KAN-ETSU EXPWY Takasaka Service Area,〒355-0053 上り：埼玉県東松山市田木立野4-5、下り：埼玉県東松山市田木駒堀981-3,https://stamp.funakiya.com/hw-takasaka.html,,,設置あり,35.98544218319323, 139.38494855164822
"POINT (139.29763886982497 36.08287119875663)",18432.0,関越自動車道嵐山PA,KAN-ETSU EXPWY Ranzan Parking Area,〒355-0206 上り：埼玉県比企郡嵐山町越畑十三間1854-1、下り：埼玉県比企郡嵐山町越畑新田2052-5,https://stamp.funakiya.com/hw-ranzan.html,,,設置あり,36.08287119875663, 139.29763886982497
"POINT (139.1937622823334 36.17493112445067)",18433.0,関越自動車道寄居PA,KAN-ETSU EXPWY Yorii Parking Area,〒369-0214 / 369-1201 上り：埼玉県深谷市本郷北坂3064-4、下り：埼玉県大里郡寄居町用土平原5607,https://stamp.funakiya.com/hw-yorii.html,,,設置あり,36.17493112445067, 139.1937622823334
"POINT (139.06390899652996 36.60178460583704)",18460.0,関越自動車道赤城高原SA,KAN-ETSU EXPWY Akagi-kōgen Service Area,〒379-1204 上り：群馬県利根郡昭和村森下箱崎1650、下り：群馬県利根郡昭和村森下箱崎1552,https://stamp.funakiya.com/hw-akagikogen.html,,,設置あり,36.60178460583704, 139.06390899652996
"POINT (139.01548810272817 36.43187246917486)",18461.0,関越自動車道駒寄PA,KAN-ETSU EXPWY Komayose Parking Area,〒370-3602 上り：群馬県北群馬郡吉岡町大久保449、下り：群馬県北群馬郡吉岡町大久保七日市521-1,https://stamp.funakiya.com/hw-komayose.html,,,設置あり,36.43187246917486, 139.01548810272817
"POINT (138.4992369662299 37.347425323793225)",19285.0,北陸自動車道米山SA,HOKURIKU EXPWY Yoneyama Service Area,〒945-0855 / 949-3662 上り：新潟県柏崎市鯨波若宮甲177、下り：新潟県柏崎市笠島御堂前235,https://stamp.funakiya.com/hw-yoneyama.html,,,設置あり,37.347425323793225, 138.4992369662299
"POINT (139.31940502613313 37.737987109162)",19391.0,磐越自動車道阿賀野川SA,BAN-ETSU EXPWY Aganogawa Service Area,〒959-4634 / 959-4635 上り：新潟県東蒲原郡阿賀町熊渡2035-23、下り：新潟県東蒲原郡阿賀町釣浜6048-5,https://stamp.funakiya.com/hw-aganogawa.html,,,設置あり,37.737987109162, 139.31940502613313
"POINT (139.87500759503004 35.46395625599407)",19457.0,東京湾アクアライン海ほたるPA,TOKYO-WAN-AQUA-LINE EXPWY Umihotaru Parking Area,〒292-0008 上下線共通：千葉県木更津市中島地先,https://stamp.funakiya.com/hw-umihotaru.html,,,設置あり,35.46395625599407, 139.87500759503004
"POINT (140.0842782741398 35.46076523616476)",19458.0,館山自動車道市原SA,TATEYAMA EXPWY Ichihara Service Area,〒290-0265 / 290-0266 上り：千葉県市原市今富大作1091-2、下り：千葉県市原市海保中木々音1154-1,https://stamp.funakiya.com/hw-ichihara.html,,,設置あり,35.46076523616476, 140.0842782741398
"POINT (140.68970366907374 36.75411384744664)",19716.0,常磐自動車道中郷SA,JOBAN EXPWY Nakagō Service Area,〒319-1556 上り：茨城県北茨城市中郷町日棚宝壷1540-1、下り：茨城県北茨城市中郷町日棚山崎1860-1,https://stamp.funakiya.com/hw-nakago.html,,,設置あり,36.75411384744664, 140.68970366907374
"POINT (140.74353764962643 36.866647603981605)",19717.0,常磐自動車道関本PA,JOBAN EXPWY Sekimoto Parking Area,〒319-1721 上り：茨城県北茨城市関本町関本上鶴巻1970-18、下り：茨城県北茨城市関本町関本上中山1970-34,https://stamp.funakiya.com/hw-sekimoto.html,,,設置あり,36.866647603981605, 140.74353764962643
"POINT (138.9634421495625 35.314636382521066)",19741.0,東名高速道路足柄SA,TOMEI EXPWY Ashigara Service Area,〒412-0023 / 410-1315 上り：静岡県御殿場市深沢前野原1801-1、下り：静岡県駿東郡小山町桑木603-18,https://stamp.funakiya.com/hw-ashigara.html,,,設置あり,35.314636382521066, 138.9634421495625
"POINT (132.45488857484173 34.78061821442463)",19988.0,浜田自動車道寒曳山PA,HAMADA EXPWY Kanbikizan Parking Area,〒731-2104 上り：広島県山県郡北広島町大朝310-2、下り：広島県山県郡北広島町大朝324-1,https://stamp.funakiya.com/hw-kanbikiyama.html,上り：2006/10/31 無人化、下り：2021/3/31 無人化,,設置なし,34.78061821442463, 132.45488857484173
"POINT (138.00312961398896 35.976267993415846)",20079.0,中央自動車道辰野PA,CHUO EXPWY Tatsuno Parking Area,〒399-0422 上り：長野県上伊那郡辰野町平出牧垣外2226-1、下り：長野県上伊那郡辰野町平出2271-2,https://stamp.funakiya.com/hw-tatsuno.html,,,設置あり,35.976267993415846, 138.00312961398896
"POINT (137.93204006638356 35.84129014288713)",20171.0,中央自動車道小黒川PA,CHUO EXPWY Ogurogawa Parking Area,〒396-0027 上り：長野県伊那市伊那ますみが丘269、下り：長野県伊那市伊那ますみが丘269,https://stamp.funakiya.com/hw-ogurogawa.html,,,設置あり,35.84129014288713, 137.93204006638356
"POINT (138.09752984061782 36.49742198657272)",20230.0,長野自動車道姨捨SA,NAGANO EXPWY Obasute Service Area,〒387-0023 上り：長野県千曲市八幡柳田7340、下り：長野県千曲市八幡脱間7608-2,https://stamp.funakiya.com/hw-obasute.html,,,設置あり,36.49742198657272, 138.09752984061782
"POINT (136.29445043766455 36.16976742250779)",20321.0,北陸自動車道女形谷PA,HOKURIKU EXPWY Onagatani Parking Area,〒910-0211 上り：福井県坂井市丸岡町女形谷23-63-2、下り：福井県坂井市丸岡町女形谷37,https://stamp.funakiya.com/hw-onagatani.html,,,設置あり,36.16976742250779, 136.29445043766455
"POINT (136.2040240621535 35.97275008581942)",20322.0,北陸自動車道北鯖江PA,HOKURIKU EXPWY Kitasabae Parking Area,〒916-0038 上り：福井県鯖江市下河端町86-2、下り：福井県鯖江市下河端町84-12,https://stamp.funakiya.com/hw-kitasabae.html,,,設置あり,35.97275008581942, 136.2040240621535
"POINT (136.20201927888132 35.83059751934942)",20323.0,北陸自動車道南条SA,HOKURIKU EXPWY Nanjō Service Area,〒919-0203 / 919-0204 上り：福井県南条郡南越前町牧谷39、下り：福井県南条郡南越前町上野78-7,https://stamp.funakiya.com/hw-nanjo.html,,,設置あり,35.83059751934942, 136.20201927888132
"POINT (136.1124250937561 35.73236273037155)",20324.0,北陸自動車道杉津PA,HOKURIKU EXPWY Suizu Parking Area,〒914-0264 上り：福井県敦賀市杉津73-1-12、下り：福井県敦賀市杉津73-5,https://stamp.funakiya.com/hw-suizu.html,,,設置あり,35.73236273037155, 136.1124250937561
"POINT (136.218293 35.520046)",20325.0,北陸自動車道賤ヶ岳SA,HOKURIKU EXPWY Shizugatake Service Area,〒529-0522 上り：滋賀県長浜市余呉町坂口94、下り：滋賀県長浜市余呉町坂口森の前267-1,https://stamp.funakiya.com/hw-shizugatake.html,,,設置あり,35.520046, 136.218293
"POINT (136.308193 35.356005)",20326.0,北陸自動車道神田PA,HOKURIKU EXPWY Kanda Parking Area,〒526-0825 / 526-0827 上り：滋賀県長浜市布勢町上内三行1150、下り：滋賀県長浜市加田今町1-5,https://stamp.funakiya.com/hw-kanda.html,,,設置あり,35.356005, 136.308193
"POINT (135.9009462345845 35.56143705835016)",20368.0,舞鶴若狭自動車道三方五湖PA,MAIZURU-WAKASA EXPWY Mikatagoko Parking Area,〒919-1304 上下線共通：福井県三方上中郡若狭町生倉18-6-1,https://stamp.funakiya.com/hw-mikatagoko.html,,,設置あり,35.56143705835016, 135.9009462345845
"POINT (135.72029810069495 34.94425761770667)",20529.0,名神高速道路桂川PA,MEISHIN EXPWY Katsuragawa Parking Area,〒601-8204 上り：京都府京都市南区久世東土川町400-1、下り：京都府京都市南区久世東土川町468-1,https://stamp.funakiya.com/hw-katsuragawa.html,,,設置あり,34.94425761770667, 135.72029810069495
"POINT (139.66689847803633 35.97801161781901)",20641.0,東北自動車道蓮田SA,TOHOKU EXPWY Hasuda Service Area,〒349-0101 上り：埼玉県蓮田市黒浜3517、下り：埼玉県蓮田市黒浜3469,https://stamp.funakiya.com/hw-hasuda.html,,,設置あり,35.97801161781901, 139.66689847803633
"POINT (139.61745292510335 36.3181619934869)",20642.0,東北自動車道佐野SA,TOHOKU EXPWY Sano Service Area,〒327-0813 上り：栃木県佐野市黒袴町東山1010、下り：栃木県佐野市黒袴町東山1021,https://stamp.funakiya.com/hw-sano.html,,,設置あり,36.3181619934869, 139.61745292510335
"POINT (139.72452747221655 36.45362895854154)",20643.0,東北自動車道都賀西方PA,TOHOKU EXPWY Tsuganishikata Parking Area,〒328-0102 / 322-0604 上り：栃木県栃木市都賀町富張1402-3、下り：栃木県栃木市西方町1255,https://stamp.funakiya.com/hw-tsuganishikata.html,,,設置あり,36.45362895854154, 139.72452747221655
"POINT (139.84411364530033 36.59984836219284)",20644.0,東北自動車道大谷PA,TOHOKU EXPWY Ōya Parking Area,〒320-0065 上り：栃木県宇都宮市駒生町3019-3、下り：栃木県宇都宮市駒生町3021-5,https://stamp.funakiya.com/hw-oya.html,,,設置あり,36.59984836219284, 139.84411364530033
"POINT (139.89242582151599 36.69135505429614)",20645.0,東北自動車道上河内SA,TOHOKU EXPWY Kamikawachi Service Area,〒321-0402 上り：栃木県宇都宮市今里町中丸1145、下り：栃木県宇都宮市今里町金山1149,https://stamp.funakiya.com/hw-kamikawachi.html,,,設置あり,36.69135505429614, 139.89242582151599
"POINT (139.90881173279712 36.82292809627259)",20646.0,東北自動車道矢板北PA,TOHOKU EXPWY Yaita-kita Parking Area,〒329-2124 上り：栃木県矢板市下太田松小屋664-2、下り：栃木県矢板市下太田松小屋659-2,https://stamp.funakiya.com/hw-yaitakita.html,,,設置あり,36.82292809627259, 139.90881173279712
"POINT (139.99080430323062 36.958791416156366)",20647.0,東北自動車道黒磯PA,TOHOKU EXPWY Kuroiso Parking Area,〒329-3121 上り：栃木県那須塩原市鹿野崎向山57-2-3、下り：栃木県那須塩原市鹿野崎向60-3,https://stamp.funakiya.com/hw-kuroiso.html,,,設置あり,36.958791416156366, 139.99080430323062
"POINT (140.10255303549857 37.05588007842625)",20648.0,東北自動車道那須高原SA,TOHOKU EXPWY Nasukōgen Service Area,〒329-3225 上り：栃木県那須郡那須町豊原丙4092-2、下り：栃木県那須郡那須町豊原丙2318-6,https://stamp.funakiya.com/hw-nasukogen.html,,,設置あり,37.05588007842625, 140.10255303549857
"POINT (140.24273994618423 37.1508060478668)",20651.0,東北自動車道阿武隈PA,TOHOKU EXPWY Abukuma Parking Area,〒961-0003 上り：福島県白河市泉田弁天山5-2、下り：福島県白河市泉田古見久保1-6,https://stamp.funakiya.com/hw-abukuma.html,,,設置あり,37.1508060478668, 140.24273994618423
"POINT (140.33600771579813 37.2554686148738)",20652.0,東北自動車道鏡石PA,TOHOKU EXPWY Kagamiishi Parking Area,〒969-0401 上り：福島県岩瀬郡鏡石町岡ノ内72-3、下り：福島県岩瀬郡鏡石町岡ノ内10-10,https://stamp.funakiya.com/hw-kagamiishi.html,,,設置あり,37.2554686148738, 140.33600771579813
"POINT (140.32309444397268 37.353745611267435)",20653.0,東北自動車道安積PA,TOHOKU EXPWY Asaka Parking Area,〒963-0121 上り：福島県郡山市三穂田町川田勝利ヶ岡30-1、下り：福島県郡山市三穂田町川田勝利ヶ岡1-2,https://stamp.funakiya.com/hw-asaka.html,,,設置あり,37.353745611267435, 140.32309444397268
"POINT (140.59606170542776 37.38767586000749)",20660.0,磐越自動車道阿武隈高原SA,BAN-ETSU EXPWY Abukumakōgen Service Area,〒963-4203 上り：福島県田村市船引町門沢中作田201、下り：福島県田村市船引町門沢中作田172,https://stamp.funakiya.com/hw-abukumakogen.html,,,設置あり,37.38767586000749, 140.59606170542776
"POINT (140.63772316853888 36.60147620214356)",20662.0,常磐自動車道日立中央PA,JOBAN EXPWY Hitachi-chūō Parking Area,〒317-0065 上り：茨城県日立市助川町銭ヶ平2834-3、下り：茨城県日立市助川町銭ヶ平2829-3,https://stamp.funakiya.com/hw-hitachichuo.html,,,設置あり,36.60147620214356, 140.63772316853888
"POINT (140.55101882377804 36.484178136877055)",20663.0,常磐自動車道東海PA,JOBAN EXPWY Tōkai Parking Area,〒319-1101 上り：茨城県那珂郡東海村石神外宿二本松2063、下り：茨城県那珂郡東海村石神外宿二本松2060-1,https://stamp.funakiya.com/hw-tokai.html,,,設置あり,36.484178136877055, 140.55101882377804
"POINT (140.2981881971479 36.23579594359778)",20664.0,常磐自動車道美野里PA,JOBAN EXPWY Minori Parking Area,〒319-0123 上り：茨城県小美玉市羽鳥高場向2177-2-1、下り：茨城県小美玉市羽鳥2160,https://stamp.funakiya.com/hw-minori.html,,,設置あり,36.23579594359778, 140.2981881971479
"POINT (140.21129778656345 36.14508338647954)",20665.0,常磐自動車道千代田PA,JOBAN EXPWY Chiyoda Parking Area,〒315-0066 上り：茨城県かすみがうら市中佐谷愛宕172-1、下り：茨城県かすみがうら市中佐谷平39-2,https://stamp.funakiya.com/hw-chiyoda.html,,,設置あり,36.14508338647954, 140.21129778656345
"POINT (140.13858002187484 36.038297165554724)",20666.0,常磐自動車道谷田部東PA,JOBAN EXPWY Yatabe-higashi Parking Area,〒305-0076 / 305-0064 上り：茨城県つくば市新牧田263-2、下り：茨城県つくば市梶内ゴアンノウ616イ,https://stamp.funakiya.com/hw-yatabehigashi.html,,,設置あり,36.038297165554724, 140.13858002187484
"POINT (140.2596173052332 38.36572396856528)",20903.0,山形自動車道寒河江SA,YAMAGATA EXPWY Sagae Service Area,〒991-0041 上下線共通：山形県寒河江市寒河江久保乙1113-23,https://stamp.funakiya.com/hw-sagae.html,,,設置あり,38.36572396856528, 140.2596173052332
"POINT (140.03309783087323 37.53648440779176)",21144.0,磐越自動車道磐梯山SA,BAN-ETSU EXPWY Bandaisan Service Area,〒969-3302 上り：福島県耶麻郡磐梯町更科角間2498-5、下り：福島県耶麻郡磐梯町更科高森平2481-15,https://stamp.funakiya.com/hw-bandaisan.html,,,設置あり,37.53648440779176, 140.03309783087323
"POINT (140.31687648655156 37.48683135805804)",21154.0,磐越自動車道五百川PA,BAN-ETSU EXPWY Gohyakugawa Parking Area,〒963-1303 上り：福島県郡山市熱海町玉川牧場山1-90、下り：福島県郡山市熱海町玉川牧場山1-84,https://stamp.funakiya.com/hw-gohyakugawa.html,,,設置あり,37.48683135805804, 140.31687648655156
"POINT (134.9804025037818 34.81786736601829)",21165.0,山陽自動車道三木SA,SANYO EXPWY Miki Service Area,〒673-0404 / 673-0402 上り：兵庫県三木市大村大門1067-110、下り：兵庫県三木市加佐湯谷1142,https://stamp.funakiya.com/hw-miki.html,,,設置あり,34.81786736601829, 134.9804025037818
"POINT (132.8361796856236 34.43226709506923)",21166.0,山陽自動車道小谷SA,SANYO EXPWY Kodani Service Area,〒739-2122 上り：広島県東広島市高屋町小谷5661、下り：広島県東広島市高屋町小谷5237-1,https://stamp.funakiya.com/hw-kodani.html,,,設置あり,34.43226709506923, 132.8361796856236
"POINT (136.71888696015222 36.60503243157907)",21564.0,北陸自動車道不動寺PA,HOKURIKU EXPWY Fudōji Parking Area,〒920-0173 / 920-0151 上り：石川県金沢市不動寺町ト之部12-1、下り：石川県金沢市梨木町八之部197,https://stamp.funakiya.com/hw-fudoji.html,,,設置あり,36.60503243157907, 136.71888696015222
"POINT (140.0284106830665 35.65975722113359)",21648.0,東関東自動車道湾岸幕張PA,HIGASHI-KANTO EXPWY Wangan-Makuhari Parking Area,〒261-0025 上り：千葉県千葉市美浜区浜田2-102、下り：千葉県千葉市美浜区浜田2-102,https://stamp.funakiya.com/hw-wanganmakuhari.html,,,設置あり,35.65975722113359, 140.0284106830665
"POINT (140.05338446022478 35.669242335301604)",21653.0,京葉道路幕張PA,KEIYO ROAD Makuhari Parking Area,〒262-0032 上り：千葉県千葉市花見川区幕張町2-2621、下り：千葉県千葉市花見川区幕張町2-2651-1,https://stamp.funakiya.com/hw-makuhari.html,,,設置あり,35.669242335301604, 140.05338446022478
"POINT (135.87005953812593 34.99744286796755)",21685.0,名神高速道路大津SA,MEISHIN EXPWY Otsu Service Area,〒520-0052 上り：滋賀県大津市朝日が丘2-8-1、下り：滋賀県大津市朝日が丘2-8-1,https://stamp.funakiya.com/hw-biwakootsu.html,,,設置あり,34.99744286796755, 135.87005953812593
"POINT (135.23687134714973 33.8099378377701)",21931.0,阪和自動車道印南SA,HANWA EXPWY Inami Service Area,〒649-1528 上り：和歌山県日高郡印南町西ノ地951-7、下り：和歌山県日高郡印南町西ノ地955-13,https://stamp.funakiya.com/hw-inami.html,,,設置あり,33.8099378377701, 135.23687134714973
"POINT (136.454624 34.414478)",22067.0,紀勢自動車道奥伊勢PA,KISEI EXPWY Okuise Parking Area,〒519-2429 上り：三重県多気郡大台町高奈866-2、下り：三重県多気郡大台町高奈877-8,https://stamp.funakiya.com/hw-okuise.html,,,設置あり,34.414478, 136.454624
"POINT (135.43501863080735 34.40528641387032)",22135.0,阪和自動車道岸和田SA,HANWA EXPWY Kishiwada Service Area,〒596-0105 上り：大阪府岸和田市内畑町2859、下り：大阪府岸和田市内畑町2892,https://stamp.funakiya.com/hw-kishiwada.html,,,設置あり,34.40528641387032, 135.43501863080735
"POINT (136.5438598514915 35.322108661419406)",22136.0,名神高速道路養老SA,MEISHIN EXPWY Yoro Service Area,〒503-1331 上り：岐阜県養老郡養老町橋爪南川原1475-1、下り：岐阜県養老郡養老町橋爪西川原1477-18,https://stamp.funakiya.com/hw-yoro.html,,,設置あり,35.322108661419406, 136.5438598514915
"POINT (138.73264590473926 37.438656148222385)",22187.0,北陸自動車道大積PA,HOKURIKU EXPWY Ōzumi Parking Area,〒940-2043 / 940-2158 上り：新潟県長岡市宮本東方町熊ノ宮240-2、下り：新潟県長岡市大積善間町名所部446-2,https://stamp.funakiya.com/hw-ozumi.html,,,設置あり,37.438656148222385, 138.73264590473926
"POINT (138.909900434659 37.60554570297036)",22188.0,北陸自動車道栄PA,HOKURIKU EXPWY Sakae Parking Area,〒959-1145 上り：新潟県三条市福島新田上道下丙932、下り：新潟県三条市福島新田上道下丙810-2,https://stamp.funakiya.com/hw-sakae.html,,,設置あり,37.60554570297036, 138.909900434659
"POINT (138.34845912483573 36.372540574872026)",22189.0,上信越自動車道東部湯の丸SA,JOSHIN-ETSU EXPWY Tōbu-Yunomaru Service Area,〒389-0506 上り：長野県東御市祢津下宿2075-5、下り：長野県東御市祢津1853-1,https://stamp.funakiya.com/hw-tobuyunomaru.html,,,設置あり,36.372540574872026, 138.34845912483573
"POINT (138.97822219737972 37.81707035575779)",22197.0,北陸自動車道黒埼PA,HOKURIKU EXPWY Kurosaki Parking Area,〒950-1121 / 950-1122 上り：新潟県新潟市西区板井浦田1807-2、下り：新潟県新潟市西区木場大南1206-3,https://stamp.funakiya.com/hw-kurosaki.html,,,設置あり,37.81707035575779, 138.97822219737972
"POINT (140.4449850683193 37.66114153366805)",22220.0,東北自動車道福島松川PA,TOHOKU EXPWY Fukushima-Matsukawa Parking Area,〒960-1241 上り：福島県福島市松川町下新田73、下り：福島県福島市松川町上谷地75-1,https://stamp.funakiya.com/hw-fukushimamatsukawa.html,,,設置あり,37.66114153366805, 140.4449850683193
"POINT (138.9454221970654 36.24237465884458)",22221.0,上信越自動車道甘楽PA,JOSHIN-ETSU EXPWY Kanra Parking Area,〒370-2217 上り：群馬県甘楽郡甘楽町天引向原2671、下り：群馬県甘楽郡甘楽町天引西谷2525,https://stamp.funakiya.com/hw-kanra.html,,,設置あり,36.24237465884458, 138.9454221970654
"POINT (139.18914692696688 36.35473966210651)",22222.0,北関東自動車道波志江PA,KITA-KANTO EXPWY Hashie Parking Area,〒372-0001 東行き：群馬県伊勢崎市波志江町2678-2、西行き：群馬県伊勢崎市波志江町2564-1,https://stamp.funakiya.com/hw-hashie.html,,,設置あり,36.35473966210651, 139.18914692696688
"POINT (138.8370588104911 35.14307448689996)",22329.0,東名高速道路愛鷹PA,TOMEI EXPWY Ashitaka Parking Area,〒410-0301 上り：静岡県沼津市宮本元野49-27、下り：静岡県沼津市宮本49-11,https://stamp.funakiya.com/hw-ashitaka.html,,,設置あり,35.14307448689996, 138.8370588104911
"POINT (137.36128800789814 34.85144238797332)",22330.0,東名高速道路赤塚PA,TOMEI EXPWY Akatsuka Parking Area,〒442-0862 / 442-0001 上り：愛知県豊川市市田町北山7-28、下り：愛知県豊川市千両町上西ノ谷24-2,https://stamp.funakiya.com/hw-akatsuka.html,下り：2017/8/31 無人化,,設置あり,34.85144238797332, 137.36128800789814
"POINT (139.01598006050452 35.35565024653514)",22340.0,東名高速道路鮎沢PA,TOMEI EXPWY Ayuzawa Parking Area,〒258-0115 上り：神奈川県足柄上郡山北町谷峨唯沢925-2、下り：神奈川県足柄上郡山北町谷ケ北畑822,https://stamp.funakiya.com/hw-ayuzawa.html,,,設置あり,35.35565024653514, 139.01598006050452
"POINT (138.29251785063056 34.97950840308141)",22368.0,新東名高速道路静岡SA,SHIN-TOMEI EXPWY Shizuoka Service Area,〒421-1225 / 421-1224 上り：静岡県静岡市葵区小瀬戸1544-3、下り：静岡県静岡市葵区飯間1258,https://stamp.funakiya.com/hw-shizuoka.html,,,設置あり,34.97950840308141, 138.29251785063056
"POINT (131.5112147004718 34.05445402407827)",22372.0,山陽自動車道佐波川SA,SANYO EXPWY Sabagawa Service Area,〒747-0067 上り：山口県防府市佐野台ヶ原1431、下り：山口県防府市佐野峠下452,https://stamp.funakiya.com/hw-sabagawa.html,,,設置あり,34.05445402407827, 131.5112147004718
"POINT (130.69065112756545 33.77483837007055)",22393.0,九州自動車道鞍手PA,KYUSHU EXPWY Kurae Parking Area,〒807-1312 上り：施設なし、下り：福岡県鞍手郡鞍手町中山1308,https://stamp.funakiya.com/hw-kurate.html,,,設置あり,33.77483837007055, 130.69065112756545
"POINT (130.5170017197336 33.737719339566574)",22394.0,九州自動車道古賀SA,KYUSHU EXPWY Koga Service Area,〒811-3121 上り：福岡県古賀市筵内1-1-5、下り：福岡県古賀市薦野1100,https://stamp.funakiya.com/hw-koga.html,,,設置あり,33.737719339566574, 130.5170017197336
"POINT (130.49980006217305 33.58741357629409)",22395.0,九州自動車道須恵PA,KYUSHU EXPWY Sue Parking Area,〒811-3121 / 811-3122 上り：福岡県糟屋郡須恵町旅石904-2、下り：福岡県糟屋郡須恵町旅石912-7,https://stamp.funakiya.com/hw-sue.html,,,設置あり,33.58741357629409, 130.49980006217305
"POINT (130.52971874116238 33.44057674759831)",22396.0,九州自動車道基山PA,KYUSHU EXPWY Kiyama Parking Area,〒841-0201 / 818-0024 上り：佐賀県三養基郡基山町小倉2097、下り：福岡県筑紫野市原田1318,https://stamp.funakiya.com/hw-kiyama.html,,,設置あり,33.44057674759831, 130.52971874116238
"POINT (130.3109546932317 33.33011494627459)",22397.0,長崎自動車道金立SA,NAGASAKI EXPWY Kinryu Service Area,〒849-0906 上り：佐賀県佐賀市金立町金立1197-232、下り：佐賀県佐賀市金立町金立五本黒木1197-80,https://stamp.funakiya.com/hw-kinryu.html,,,設置あり,33.33011494627459, 130.3109546932317
"POINT (130.0824913393351 33.2620504921294)",22398.0,長崎自動車道多久西PA,NAGASAKI EXPWY Takunishi Parking Area,〒846-0031 上り：佐賀県多久市多久町向鶴1326、下り：佐賀県多久市多久町山王3815-2,https://stamp.funakiya.com/hw-takunishi.html,,,設置あり,33.2620504921294, 130.0824913393351
"POINT (129.94755856436856 33.01679013388747)",22399.0,長崎自動車道大村湾PA,NAGASAKI EXPWY Omurawan Parking Area,〒859-3923 上り：長崎県東彼杵郡東彼杵町瀬戸郷682、下り：長崎県東彼杵郡東彼杵町瀬戸郷647-1,https://stamp.funakiya.com/hw-omurawan.html,,,設置あり,33.01679013388747, 129.94755856436856
"POINT (129.9802114196868 32.90275534932614)",22400.0,長崎自動車道木場PA,NAGASAKI EXPWY Koba Parking Area,〒856-0046 上り：施設なし、下り：長崎県大村市木場1-818,https://stamp.funakiya.com/hw-koba.html,,,設置あり,32.90275534932614, 129.9802114196868
"POINT (130.95864723598163 33.704073069823544)",22401.0,東九州自動車道今川PA,HIGASHI-KYUSHU EXPWY Imagawa Parking Area,〒824-0043 上り：福岡県行橋市流末987-1、下り：福岡県行橋市流末1080,https://stamp.funakiya.com/hw-imagawa.html,,,設置あり,33.704073069823544, 130.95864723598163
"POINT (139.19847730137303 35.34211155214889)",22616.0,東名高速道路中井PA,TOMEI EXPWY Nakai Parking Area,〒259-0155 上り：神奈川県足柄上郡中井町松本926-2、下り：神奈川県足柄上郡中井町松本570-3,https://stamp.funakiya.com/hw-nakai.html,,,設置あり,35.34211155214889, 139.19847730137303
"POINT (138.9094844309153 35.2527494484304)",22620.0,東名高速道路駒門PA,TOMEI EXPWY Komakado Parking Area,〒412-0038 / 412-0033 上り：静岡県御殿場市駒門621、下り：静岡県御殿場市神山,https://stamp.funakiya.com/hw-komakado.html,上り：2022/10/10 無人化,,設置あり,35.2527494484304, 138.9094844309153
"POINT (138.6173094703469 35.160998355578286)",22631.0,東名高速道路富士川SA,TOMEI EXPWY Fujikawa Service Area,〒421-3304 / 421-3305 上り：静岡県富士市木島780、下り：静岡県富士市岩渕舟山1224,https://stamp.funakiya.com/hw-fujikawa.html,,,設置あり,35.160998355578286, 138.6173094703469
"POINT (138.4330147747612 34.98330299491009)",22632.0,東名高速道路日本平PA,TOMEI EXPWY Nihondaira Parking Area,〒422-8005 / 422-8004 上り：静岡県静岡市駿河区池田、下り：静岡県静岡市駿河区国吉田西原坪,https://stamp.funakiya.com/hw-nihondaira.html,,,設置あり,34.98330299491009, 138.4330147747612
"POINT (138.31853229149672 34.89011815558551)",22633.0,東名高速道路日本坂PA,TOMEI EXPWY Nihonzaka Parking Area,〒425-0015 上り：静岡県焼津市石脇上96-1、下り：静岡県焼津市石脇上100,https://stamp.funakiya.com/hw-nihonzaka.html,,,設置あり,34.89011815558551, 138.31853229149672
"POINT (137.99693874015998 34.76129470511401)",22636.0,東名高速道路小笠PA,TOMEI EXPWY Ogasa Parking Area,〒436-0047 / 436-0025 上り：静岡県掛川市長谷1319-9、下り：静岡県掛川市下俣菖蒲谷241-1,https://stamp.funakiya.com/hw-ogasa.html,,,設置あり,34.76129470511401, 137.99693874015998
"POINT (137.8399633493747 34.749229602301135)",22637.0,東名高速道路遠州豊田PA,TOMEI EXPWY Enshū-Toyoda Parking Area,〒438-0801 上り：静岡県磐田市高見丘896、下り：静岡県磐田市高見丘185,https://stamp.funakiya.com/hw-enshutoyoda.html,,,設置あり,34.749229602301135, 137.8399633493747
"POINT (137.73843321688443 34.75759647084935)",22638.0,東名高速道路三方原PA,TOMEI EXPWY Mikatagahara Parking Area,〒431-3123 上り：静岡県浜松市東区有玉西町地蔵平776-2、下り：静岡県浜松市東区有玉西町地蔵平779-2,https://stamp.funakiya.com/hw-mikatagahara.html,,,設置あり,34.75759647084935, 137.73843321688443
"POINT (137.498825345115 34.84390916771885)",22639.0,東名高速道路新城PA,TOMEI EXPWY Shinshiro Parking Area,〒441-1335 上り：愛知県新城市富岡東川60-467、下り：愛知県新城市富岡東川60-689,https://stamp.funakiya.com/hw-shinshiro.html,,,設置あり,34.84390916771885, 137.498825345115
"POINT (138.54644718914096 35.07794645384401)",22650.0,東名高速道路由比PA,TOMEI EXPWY Yui Parking Area,〒421-3115 上り：静岡県静岡市清水区由比西倉澤山下858-1,https://stamp.funakiya.com/hw-yui.html,上り：2022/5/6 無人化,,設置なし,35.07794645384401, 138.54644718914096
"POINT (130.00132429293282 32.86091174947988)",22699.0,長崎自動車道今村PA,NAGASAKI EXPWY Imamura Parking Area,〒856-0843 上り：長崎県大村市今村町840-1、下り：施設なし,https://stamp.funakiya.com/hw-imamura.html,,,設置あり,32.86091174947988, 130.00132429293282
"POINT (134.264306 34.276222)",22777.0,高松自動車道津田の松原SA,TAKAMATSU EXPWY Tsudanomatsubara Parking Area,〒769-2402 上り：香川県さぬき市津田町鶴羽935-5、下り：香川県さぬき市津田町鶴羽939-1,https://stamp.funakiya.com/hw-tsudanomatsubara.html,,,設置あり,34.276222, 134.264306
"POINT (133.42265356985288 33.94927025149879)",22841.0,松山自動車道入野PA,MATSUYAMA EXPWY Irino Parking Area,〒799-0712 / 799-0713 上り：愛媛県四国中央市土居町入野301-6、下り：愛媛県四国中央市土居町浦山96,https://stamp.funakiya.com/hw-irino.html,,,設置あり,33.94927025149879, 133.42265356985288
"POINT (133.11030542066422 33.885953829686215)",22856.0,松山自動車道石鎚山SA,MATSUYAMA EXPWY Ishizuchiyama Parking Area,〒799-1101 上り：愛媛県西条市小松町新屋敷乙22-20、下り：愛媛県西条市小松町新屋敷乙34-4,https://stamp.funakiya.com/hw-ishizuchisan.html,,,設置あり,33.885953829686215, 133.11030542066422
"POINT (132.75298571895638 33.770863339052944)",22886.0,松山自動車道伊予灘SA,MATSUYAMA EXPWY Iyonada Parking Area,〒799-3102 上り：愛媛県伊予市宮下2804-1、下り：愛媛県伊予市宮下2517-1,https://stamp.funakiya.com/hw-iyonada.html,,,設置あり,33.770863339052944, 132.75298571895638
"POINT (137.0252189428991 35.472179642380645)",23100.0,東海環状自動車道美濃加茂SA,TOKAI-KANJO EXPWY Minokamo Service Area,〒505-0004 上下線共通：岐阜県美濃加茂市蜂屋町上蜂屋2564,https://stamp.funakiya.com/hw-minokamo.html,,,設置あり,35.472179642380645, 137.0252189428991
"POINT (137.27535106178152 35.39713069308776)",23114.0,中央自動車道屏風山PA,CHUO EXPWY Byōbuzan Parking Area,〒509-6101 / 509-6472 上り：岐阜県瑞浪市土岐町安高3282-5、下り：岐阜県瑞浪市釜戸町宿987-2,https://stamp.funakiya.com/hw-byobuzan.html,,,設置あり,35.39713069308776, 137.27535106178152
"POINT (133.72744684459215 35.00523575574399)",23216.0,中国自動車道真庭PA,CHUGOKU EXPWY Maniwa Parking Area,〒719-3155 / 719-3142 上り：岡山県真庭市下方207、下り：岡山県真庭市木山616,https://stamp.funakiya.com/hw-maniwa.html,,,設置あり,35.00523575574399, 133.72744684459215
"POINT (133.5417146730205 35.0370203329935)",23217.0,中国自動車道大佐SA,CHUGOKU EXPWY Ōsa Service Area,〒719-3506 上り：岡山県新見市大佐田治部3914、下り：岡山県新見市大佐田治部3878-2,https://stamp.funakiya.com/hw-oosa.html,,,設置あり,35.0370203329935, 133.5417146730205
"POINT (138.0421433691611 34.84157206008638)",23218.0,新東名高速道路掛川PA,SHIN-TOMEI EXPWY Kakegawa Parking Area,〒436-0341 上り：静岡県掛川市倉真藪ノ上7507-1-1、下り：静岡県掛川市倉真荒芝5968-1,https://stamp.funakiya.com/hw-kakegawa.html,,,設置あり,34.84157206008638, 138.0421433691611
"POINT (136.59074319389342 35.0191889495383)",23225.0,東名阪自動車道御在所SA,HIGASHI-MEIHAN EXPWY Gozaisho Service Area,〒512-0906 上り：三重県四日市市山之一色町1569-2、下り：三重県四日市市山之一色町1491-2,https://stamp.funakiya.com/hw-gozaisho.html,,,設置あり,35.0191889495383, 136.59074319389342
"POINT (138.1826381086383 36.56312580503626)",23814.0,上信越自動車道松代PA,JOSHIN-ETSU EXPWY Matsushiro Parking Area,〒388-8002 上り：長野県長野市篠ノ井東福寺猫島西3390、下り：長野県長野市篠ノ井東福寺狐塚3466,https://stamp.funakiya.com/hw-matsushiro.html,,,設置あり,36.56312580503626, 138.1826381086383
"POINT (138.29553694636576 36.69326642862628)",23815.0,上信越自動車道小布施PA,JOSHIN-ETSU EXPWY Obuse Parking Area,〒381-0204 / 381-0203 上り：長野県上高井郡小布施町飯田欠下997-37、下り：長野県上高井郡小布施町大島660-2,https://stamp.funakiya.com/hw-obuse.html,,,設置あり,36.69326642862628, 138.29553694636576
"POINT (138.2138264975601 36.92862335022993)",23816.0,上信越自動車道妙高SA,JOSHIN-ETSU EXPWY Myōkō Service Area,〒949-2141 上り：新潟県妙高市関山柳平5203、下り：新潟県妙高市関山山口5078,https://stamp.funakiya.com/hw-myoko.html,,,設置あり,36.92862335022993, 138.2138264975601
"POINT (137.99616159797927 36.09954269750815)",23862.0,長野自動車道みどり湖PA,NAGANO EXPWY Midoriko Parking Area,〒399-0722 上り：長野県塩尻市柿沢651、下り：長野県塩尻市柿沢永井坂921-1,https://stamp.funakiya.com/hw-midoriko.html,,,設置あり,36.09954269750815, 137.99616159797927
"POINT (136.46769 34.779298)",23863.0,伊勢自動車道安濃SA,ISE EXPWY Ano Service Area,〒514-2303 / 514-0126 上り：三重県津市安濃町内多2807-2、下り：三重県津市大里睦合町南石橋138-17,https://stamp.funakiya.com/hw-ano.html,,,設置あり,34.779298, 136.467690
"POINT (132.47757328625121 34.58710725877102)",23864.0,中国自動車道安佐SA,CHUGOKU EXPWY Asa Service Area,〒731-1141 上り：広島県広島市安佐北区安佐町鈴張長谷3796-2、下り：広島県広島市安佐北区安佐町鈴張3924,https://stamp.funakiya.com/hw-asa.html,,,設置あり,34.58710725877102, 132.47757328625121
"POINT (134.6038654439268 34.98491428922473)",23865.0,中国自動車道安富PA,CHUGOKU EXPWY Yasutomi Parking Area,〒671-2411 上り：兵庫県姫路市安富町三森ナワノテ下198-2、下り：兵庫県姫路市安富町三森カジヤ谷194-47,https://stamp.funakiya.com/hw-yasutomi.html,,,設置あり,34.98491428922473, 134.6038654439268
"POINT (135.01292097467856 34.58589917529551)",23866.0,神戸淡路鳴門自動車道淡路SA,KOBE-AWAJI-NARUTO EXPWY Awaji Service Area,〒656-2401 上り：兵庫県淡路市岩屋3118-1、下り：兵庫県淡路市岩屋仮田2568,https://stamp.funakiya.com/hw-awaji.html,,,設置あり,34.58589917529551, 135.01292097467856
"POINT (137.42806324015706 35.45576593494937)",23882.0,中央自動車道恵那峡SA,CHUO EXPWY Enakyō Service Area,〒509-7201 上り：岐阜県恵那市大井町船山1120、下り：岐阜県恵那市大井町2194-104,https://stamp.funakiya.com/hw-enakyo.html,,,設置あり,35.45576593494937, 137.42806324015706
"POINT (137.90585499566305 35.711197999493834)",23883.0,中央自動車道駒ヶ岳SA,CHUO EXPWY Komagatake Service Area,〒399-4117 上り：長野県駒ヶ根市赤穂大徳原15-160、下り：長野県駒ヶ根市赤穂南割15-204,https://stamp.funakiya.com/hw-komagatake.html,,,設置あり,35.711197999493834, 137.90585499566305
"POINT (139.36496703989454 35.852213175987245)",23884.0,圏央道狭山PA,KEN-O EXPWY Sayama Parking Area,〒350-1327 外回り：埼玉県狭山市笹井2363-2、内回り：埼玉県狭山市笹井2482-3,https://stamp.funakiya.com/hw-sayama.html,,,設置あり,35.852213175987245, 139.36496703989454
"POINT (141.04644966728554 39.91545108626872)",23885.0,東北自動車道岩手山SA,TOHOKU EXPWY Iwatesan Service Area,〒028-7113 上り：岩手県八幡平市平笠第2地割1-47、下り：岩手県八幡平市平笠第2地割1-36,https://stamp.funakiya.com/hw-iwatesan.html,,,設置あり,39.91545108626872, 141.04644966728554
"POINT (134.80212134489125 34.94847782602002)",23886.0,中国自動車道加西SA,CHUGOKU EXPWY Kasai Service Area,〒675-2365 上り：兵庫県加西市畑町松尾谷2271-8、下り：兵庫県加西市畑町松尾谷2276-7,https://stamp.funakiya.com/hw-kasai.html,,,設置あり,34.94847782602002, 134.80212134489125
"POINT (132.31587373789486 34.36717533114213)",23887.0,山陽自動車道宮島SA,SANYO EXPWY Miyajima Service Area,〒738-0026 上り：広島県廿日市市上平良297-9、下り：広島県廿日市市上平良76,https://stamp.funakiya.com/hw-miyajima.html,,,設置あり,34.36717533114213, 132.31587373789486
"POINT (133.87127552221023 34.69491115899828)",23888.0,山陽自動車道吉備SA,SANYO EXPWY Kibi Service Area,〒701-1204 上り：岡山県岡山市北区今岡705-1、下り：岡山県岡山市北区今岡476,https://stamp.funakiya.com/hw-kibi.html,,,設置あり,34.69491115899828, 133.87127552221023
"POINT (135.16950118824633 34.88625919108585)",23954.0,中国自動車道赤松PA,CHUGOKU EXPWY Akamatsu Parking Area,〒651-1512 上り：兵庫県神戸市北区長尾町上津4226-4、下り：兵庫県神戸市北区長尾町上津4699-2,https://stamp.funakiya.com/hw-akamatsu.html,,,設置あり,34.88625919108585, 135.16950118824633
"POINT (138.80650296305475 35.15468427456614)",23955.0,新東名高速道路駿河湾沼津SA,SHIN-TOMEI EXPWY Surugawan-Numazu Service Area,〒410-0319 / 410-0309 上り：静岡県沼津市井出銭神1392-7-73、下り：静岡県沼津市根古屋的場770-1-65,https://stamp.funakiya.com/hw-surugawannumazu.html,,,設置あり,35.15468427456614, 138.80650296305475
"POINT (137.5127184927626 34.92499795330043)",23956.0,新東名高速道路長篠設楽原PA,SHIN-TOMEI EXPWY Nagashino-Shitaragahara Parking Area,〒441-1301 / 441-1302 上り：愛知県新城市矢部ユツリハ81-2、下り：愛知県新城市富永住居田,https://stamp.funakiya.com/hw-nagashinoshitaragahara.html,,,設置あり,34.92499795330043, 137.5127184927626
"POINT (138.19287674543108 35.96144936585494)",23957.0,中央自動車道中央道原PA,CHUO EXPWY Chūōdō-Hara Parking Area,〒391-0100 上り：長野県諏訪郡原村阿久9868、下り：長野県諏訪郡原村大石10699,https://stamp.funakiya.com/hw-chuodohara.html,,,設置あり,35.96144936585494, 138.19287674543108
"POINT (133.62805575755004 35.27351336607784)",23959.0,米子自動車道蒜山高原SA,YONAGO EXPWY Hiruzen-kōgen Service Area,〒717-0604 上り：岡山県真庭市蒜山西茅部2015-1、下り：岡山県真庭市蒜山西茅部上ノ山2062,https://stamp.funakiya.com/hw-hiruzengougen.html,,,設置あり,35.27351336607784, 133.62805575755004
"POINT (137.13586766710117 35.0333056802811)",23960.0,東名高速道路豊田上郷SA,TOMEI EXPWY Toyota-Kamigō Service Area,〒470-1205 上り：愛知県豊田市永覚町上長根6-256、下り：愛知県豊田市永覚町中長根1-4,https://stamp.funakiya.com/hw-kamigo.html,,,設置あり,35.0333056802811, 137.13586766710117
"POINT (127.871064 26.460192)",23961.0,沖縄自動車道伊芸SA,OKINAWA EXPWY Igei Service Area,〒904-1202 上り：沖縄県国頭郡金武町伊芸1261、下り：沖縄県国頭郡金武町伊芸1264,https://stamp.funakiya.com/hw-igei.html,,,設置あり,26.460192, 127.871064
"POINT (135.30341792229382 34.86677183314172)",23962.0,新名神高速道路宝塚北SA,SHIN-MEISHIN EXPWY Takarazuka-Kita Service Area,〒669-1231 上下線共通：兵庫県宝塚市玉瀬奥之焼1-125,https://stamp.funakiya.com/hw-takarazukakita.html,,,設置あり,34.86677183314172, 135.30341792229382
"POINT (133.92202098620038 34.27459656285066)",23964.0,高松自動車道府中湖PA,TAKAMATSU EXPWY Fuchuko Parking Area,〒762-0024 上り：香川県坂出市府中町川西7064、下り：香川県坂出市府中町川西3785-19,https://stamp.funakiya.com/hw-fuchuko.html,,,設置あり,34.27459656285066, 133.92202098620038
"POINT (134.30105146564887 34.781401723352346)",23965.0,山陽自動車道福石PA,SANYO EXPWY Fukuishi Parking Area,〒705-0132 上り：岡山県備前市三石2164-15、下り：岡山県備前市三石2154-3,https://stamp.funakiya.com/hw-fukuishi.html,,,設置あり,34.781401723352346, 134.30105146564887
"POINT (138.2436870322118 34.90228871991454)",23966.0,新東名高速道路藤枝PA,SHIN-TOMEI EXPWY Fujieda Parking Area,〒426-0213 / 426-0205 上り：静岡県藤枝市中ノ合衣原616-2-1、下り：静岡県藤枝市花倉井谷川158-1,https://stamp.funakiya.com/hw-fujieda.html,,,設置あり,34.90228871991454, 138.2436870322118
"POINT (137.04303979944368 35.33451671177823)",23967.0,中央自動車道内津峠PA,CHUO EXPWY Utsutsutōge Parking Area,〒480-0302 上り：愛知県春日井市西尾町1007-1、下り：愛知県春日井市西尾町白川1007-17,https://stamp.funakiya.com/hw-utsutsutoge.html,,,設置あり,35.33451671177823, 137.04303979944368
"POINT (132.9579451136036 34.8275923614595)",23968.0,中国自動車道七塚原SA,CHUGOKU EXPWY Nanatsukahara Service Area,〒729-6131 上り：広島県庄原市山内町546-1、下り：広島県庄原市山内町560-4,https://stamp.funakiya.com/hw-nanatsukahara.html,,,設置あり,34.8275923614595, 132.9579451136036
"POINT (134.30676029477178 35.01093799584483)",23972.0,中国自動車道上月PA,CHUGOKU EXPWY Kōzuki Parking Area,〒679-5503 上り：兵庫県佐用郡佐用町本郷登亀81、下り：兵庫県佐用郡佐用町本郷下山42-2,https://stamp.funakiya.com/hw-kozuki.html,,,設置あり,35.01093799584483, 134.30676029477178
"POINT (134.99984063716644 34.92047303058788)",23973.0,中国自動車道社PA,CHUGOKU EXPWY Yashiro Parking Area,〒673-1462 / 673-1416 上り：兵庫県加東市藤田ハゲ山739-41、下り：兵庫県加東市久米8,https://stamp.funakiya.com/hw-yashiro.html,,,設置あり,34.92047303058788, 134.99984063716644
"POINT (134.1009847141016 35.04561497482993)",23974.0,中国自動車道勝央SA,CHUGOKU EXPWY Shōō Service Area,〒709-4322 上り：岡山県勝田郡勝央町福吉409、下り：岡山県勝田郡勝央町福吉42-2,https://stamp.funakiya.com/hw-shoo.html,,,設置あり,35.04561497482993, 134.1009847141016
"POINT (133.0968131535251 34.47483853321914)",23975.0,山陽自動車道八幡PA,SANYO EXPWY Yahata Parking Area,〒722-1515 上り：広島県三原市八幡町美生736-15、下り：広島県三原市八幡町美生495-3,https://stamp.funakiya.com/hw-yahata.html,,,設置あり,34.47483853321914, 133.0968131535251
"POINT (133.0803858564951 34.260017488870716)",23976.0,西瀬戸自動車道瀬戸田PA,SHIMANAMI EXPWY Setoda Parking Area,〒722-2403 上り：広島県尾道市瀬戸田町荻早瀬山5503-42、下り：広島県尾道市瀬戸田町荻,https://stamp.funakiya.com/hw-setoda.html,,,設置あり,34.260017488870716, 133.0803858564951
"POINT (135.5266548149268 34.78307581065099)",23981.0,名神高速道路吹田SA,MEISHIN EXPWY Suita Service Area,〒564-0001 上り：大阪府吹田市岸部北4-8-1、下り：大阪府吹田市岸部北4-7-1,https://stamp.funakiya.com/hw-suita.html,,,設置あり,34.78307581065099, 135.5266548149268
"POINT (133.31353798903024 34.49117509858623)",23982.0,山陽自動車道福山SA,SANYO EXPWY Fukuyama Service Area,〒720-0841 上り：広島県福山市津之郷町津之郷183-1、下り：広島県福山市津之郷町津之郷333-2,https://stamp.funakiya.com/hw-fukuyama.html,,,設置あり,34.49117509858623, 133.31353798903024
"POINT (134.63107505900362 34.87999151063221)",23983.0,山陽自動車道白鳥PA,SANYO EXPWY Shiratori Parking Area,〒671-2246 / 671-2232 上り：兵庫県姫路市打越236-2、下り：兵庫県姫路市相野1346,https://stamp.funakiya.com/hw-shiratori.html,,,設置あり,34.87999151063221, 134.63107505900362
"POINT (135.16860679431068 35.092355652385)",23984.0,舞鶴若狭自動車道西紀SA,MAIZURU-WAKASA EXPWY Nishiki Service Area,〒669-2737 / 669-2736 上り：兵庫県丹波篠山市東木之部1、下り：兵庫県丹波篠山市西木之部江の田の坪,https://stamp.funakiya.com/hw-nishiki.html,,,設置あり,35.092355652385, 135.16860679431068
"POINT (133.61462935971582 33.602434368688115)",23985.0,高知自動車道南国SA,KOCHI EXPWY Nangoku Parking Area,〒783-0043 上り：高知県南国市岡豊町小蓮中ヲサ1210-1、下り：高知県南国市岡豊町小蓮大谷1012-2,https://stamp.funakiya.com/hw-nangoku.html,,,設置あり,33.602434368688115, 133.61462935971582
"POINT (141.10362619144675 39.515050366186884)",23990.0,東北自動車道紫波SA,TOHOKU EXPWY Shiwa Service Area,〒028-3452 上り：岩手県紫波郡紫波町片寄堤下52-2、下り：岩手県紫波郡紫波町片寄後在所3,https://stamp.funakiya.com/hw-shiwa.html,,,設置あり,39.515050366186884, 141.10362619144675
"POINT (141.10240158876562 39.06803985453484)",23991.0,東北自動車道前沢SA,TOHOKU EXPWY Maesawa Service Area,〒029-4206 上り：岩手県奥州市前沢区裏新田29-13、下り：岩手県奥州市前沢区養ケ森27-6,https://stamp.funakiya.com/hw-maesawa.html,,,設置あり,39.06803985453484, 141.10240158876562
"POINT (138.36931691141046 35.84553233605062)",23992.0,中央自動車道八ヶ岳PA,CHUO EXPWY Yatsugatake Parking Area,〒408-0034 上り：山梨県北杜市長坂町大八田6817-1、下り：山梨県北杜市長坂町大八田6811-155,https://stamp.funakiya.com/hw-yatsugatake.html,,,設置あり,35.84553233605062, 138.36931691141046
"POINT (132.33202042757605 34.366008824450454)",24187.0,西広島バイパス佐方SA,Nishi-hiroshima By-pass Sakata Parking Area,〒738-0001 上り：広島県廿日市市佐方288、下り：広島県廿日市市佐方962,https://stamp.funakiya.com/hw-sagata.html,,2019/9/30 廃止,設置なし,34.366008824450454, 132.33202042757605
"POINT (133.24948807162036 34.459839613459934)",24188.0,松永道路今津PA,MATSUNAGA Road Imazu Parking Area,〒729-0111 上り：広島県福山市今津町為安2077、下り：施設なし,https://stamp.funakiya.com/hw-imazu.html,,,設置あり,34.459839613459934, 133.24948807162036
"POINT (139.58726149528758 36.038823109638784)",24255.0,圏央道菖蒲PA,KEN-O EXPWY Shobu Parking Area,〒346-0113 上下線共通：埼玉県久喜市菖蒲町下栢間859-3,https://stamp.funakiya.com/hw-shobu.html,,,設置あり,36.038823109638784, 139.58726149528758
"POINT (134.88086380550706 34.83691677417977)",24256.0,山陽自動車道権現湖PA,SANYO EXPWY Gongenko Parking Area,〒675-1225 / 675-0302 上り：兵庫県加古川市平荘町中山1001-26、下り：兵庫県加古川市志方町野尻大蔵山807-11,https://stamp.funakiya.com/hw-gongenko.html,,,設置あり,34.83691677417977, 134.88086380550706
"POINT (140.96182788466075 38.63648169354447)",24337.0,東北自動車道長者原SA,TOHOKU EXPWY Chōjahara Service Area,〒989-6236 上り：宮城県大崎市古川川熊長者原24-61、下り：宮城県大崎市古川宮沢金堀場26,https://stamp.funakiya.com/hw-chojahara.html,,,設置あり,38.63648169354447, 140.96182788466075
"POINT (141.0964596384627 38.842087979290504)",24338.0,東北自動車道金成PA,TOHOKU EXPWY Kannari Parking Area,〒989-4803 / 989-5121 上り：宮城県栗原市金成藤渡戸的場167-1、下り：宮城県栗原市金成大平13-12,https://stamp.funakiya.com/hw-kannari.html,,,設置あり,38.842087979290504, 141.0964596384627
"POINT (141.08007003348882 39.24103734830316)",24340.0,東北自動車道北上金ヶ崎PA,TOHOKU EXPWY Kitakami-Kanegasaki Parking Area,〒024-0051 上り：岩手県北上市相去町中平沢7-4、下り：岩手県北上市相去町中平沢6-2,https://stamp.funakiya.com/hw-kitakamikanegasaki.html,,,設置あり,39.24103734830316, 141.08007003348882
"POINT (136.911607 35.987572)",24604.0,東海北陸自動車道ひるがの高原SA,TOKAI-HOKURIKU EXPWY Hiruganokōgen Service Area,〒501-5302 上り：岐阜県郡上市高鷲町鷲見5414-38、下り：岐阜県郡上市高鷲町鷲見3694-340,https://stamp.funakiya.com/hw-hiruganokogen.html,,,設置あり,35.987572, 136.911607
"POINT (136.87260526973816 36.50334289472818)",24605.0,東海北陸自動車道城端SA,TOKAI-HOKURIKU EXPWY Jōhana Service Area,〒939-1835 上下線共通：富山県南砺市立野原東1201,https://stamp.funakiya.com/hw-johana.html,,,設置あり,36.50334289472818, 136.87260526973816
"POINT (132.4222443635454 34.46445357521699)",24634.0,山陽自動車道沼田PA,SANYO EXPWY Numata Parking Area,〒731-3164 / 731-3172 上り：広島県広島市安佐南区伴東5-24-1、下り：広島県広島市安佐南区伴東町136-1,https://stamp.funakiya.com/hw-numata.html,,,設置あり,34.46445357521699, 132.4222443635454
"POINT (132.62278617510913 34.45722722994621)",24635.0,山陽自動車道奥屋PA,SANYO EXPWY Okuya Parking Area,〒739-0266 上り：広島県東広島市志和町奥屋1153、下り：広島県東広島市志和町奥屋368-1,https://stamp.funakiya.com/hw-okuya.html,,,設置あり,34.45722722994621, 132.62278617510913
"POINT (133.00952454646085 34.470094969058636)",24636.0,山陽自動車道高坂PA,SANYO EXPWY Takasaka Parking Area,〒722-1416 上り：広島県三原市久井町山中野435-26、下り：広島県三原市久井町山中野447,https://stamp.funakiya.com/hw-sanyotakasaka.html,,,設置あり,34.470094969058636, 133.00952454646085
"POINT (138.8121160875525 36.98018194588793)",25018.0,関越自動車道塩沢石打SA,KAN-ETSU EXPWY Shiozawa-Ishiuchi Service Area,〒949-6371 / 949-6425 上り：新潟県南魚沼市関1511、下り：新潟県南魚沼市姥島新田98-1,https://stamp.funakiya.com/hw-shiozawaishiuchi.html,,,設置あり,36.98018194588793, 138.8121160875525
"POINT (140.25503993769124 36.34442271178733)",25020.0,北関東自動車道笠間PA,KITA-KANTO EXPWY Kasama Parking Area,〒309-1623 上下線共通：茨城県笠間市上加賀田1916,https://stamp.funakiya.com/hw-kasama.html,,,設置あり,36.34442271178733, 140.25503993769124
"POINT (139.9322377622149 35.70821353796793)",25021.0,京葉道路京葉市川PA,KEIYO ROAD Keiyō Ichikawa Parking Area,〒272-0014 上り：施設なし、下り：千葉県市川市田尻1-5-1,https://stamp.funakiya.com/hw-keiyoichikawa.html,,,設置あり,35.70821353796793, 139.9322377622149
"POINT (140.91161749219808 37.115934939342054)",25033.0,常磐自動車道四倉PA,JOBAN EXPWY Yotsukura Parking Area,〒979-0225 上り：福島県いわき市四倉町下柳生宮下49-16、下り：福島県いわき市四倉町下柳生宮下49-63,https://stamp.funakiya.com/hw-yotsukura.html,,,設置あり,37.115934939342054, 140.91161749219808
"POINT (137.22455381744822 34.92660912625094)",25191.0,東名高速道路美合PA,TOMEI EXPWY Miai Parking Area,〒444-0004 / 444-3521 上り：愛知県岡崎市保母町上山ノ田4-2、下り：愛知県岡崎市市場町御成箇3-41,https://stamp.funakiya.com/hw-miai.html,,,設置あり,34.92660912625094, 137.22455381744822
"POINT (137.0845463037374 35.13149739123204)",25192.0,東名高速道路東郷PA,TOMEI EXPWY Tōgō Parking Area,〒470-0111 上り：愛知県日進市米野木町南山978-12、下り：愛知県日進市米野木町南山978-13,https://stamp.funakiya.com/hw-togo.html,,,設置あり,35.13149739123204, 137.0845463037374
"POINT (137.0117395162903 35.241555801246164)",25193.0,東名高速道路守山PA,TOMEI EXPWY Moriyama Parking Area,〒463-0003 上り：愛知県名古屋市守山区下志段味上東禅寺2503-4、下り：愛知県名古屋市守山区下志段味上東禅寺2470-2,https://stamp.funakiya.com/hw-moriyama.html,,,設置あり,35.241555801246164, 137.0117395162903
"POINT (137.2220168765864 35.03429415363867)",25435.0,新東名高速道路岡崎SA,SHIN-TOMEI EXPWY Okazaki Service Area,〒444-2109 上下線共通：愛知県岡崎市宮石町六ツ田10-4,https://stamp.funakiya.com/hw-okazaki.html,,,設置あり,35.03429415363867, 137.2220168765864
"POINT (136.73070508578235 35.03883452550438)",25436.0,伊勢湾岸自動車道湾岸長島PA,ISEWANGAN EXPWY Wangan-Nagashima Parking Area,〒511-1134 上り：三重県桑名市長島町松蔭427-2、下り：三重県桑名市長島町松蔭393-2,https://stamp.funakiya.com/hw-wangannagashima.html,,,設置あり,35.03883452550438, 136.73070508578235
"POINT (140.2844951361369 35.70978148811524)",25440.0,東関東自動車道酒々井PA,HIGASHI-KANTO EXPWY Shisui Parking Area,〒285-0913 上り：千葉県印旛郡酒々井町墨小谷津1402、下り：千葉県印旛郡酒々井町墨花之作1420-1,https://stamp.funakiya.com/hw-shisui.html,,,設置あり,35.70978148811524, 140.2844951361369
"POINT (138.51175710111613 36.277647572075324)",25441.0,上信越自動車道佐久平PA,JOSHIN-ETSU EXPWY Sakudaira Parking Area,〒385-0003 上り：長野県佐久市下平尾2329-1、下り：長野県佐久市下平尾2329,https://stamp.funakiya.com/hw-sakudaira.html,,,設置あり,36.277647572075324, 138.51175710111613
"POINT (138.20127687483017 36.45658007188909)",25442.0,上信越自動車道千曲川さかきPA,JOSHIN-ETSU EXPWY Chikumagawa-Sakaki Parking Area,〒389-0601 上り：長野県埴科郡坂城町坂城戌久保8570-2、下り：長野県埴科郡坂城町坂城戌久保8881-2,https://stamp.funakiya.com/hw-chikumagawasakaki.html,,,設置あり,36.45658007188909, 138.20127687483017
"POINT (133.01306502390187 35.42515664309047)",25444.0,山陰自動車道宍道湖SA,SAN-IN EXPWY Shinjiko Parking Area,〒699-0202 上り：島根県松江市玉湯町湯町1228-1、下り：島根県松江市玉湯町湯町1296-1,https://stamp.funakiya.com/hw-shinjiko.html,,,設置あり,35.42515664309047, 133.01306502390187
"POINT (138.83794431578127 37.271717124207626)",25455.0,関越自動車道越後川口SA,KAN-ETSU EXPWY Echigo-Kawaguchi Service Area,〒949-7513 上り：新潟県長岡市西川口沢入4420、下り：新潟県長岡市西川口沢入4375,https://stamp.funakiya.com/hw-echigokawaguchi.html,,,設置あり,37.271717124207626, 138.83794431578127
"POINT (140.92288276564778 37.714338963640586)",26028.0,常磐自動車道南相馬鹿島SA,JOBAN EXPWY Minami-Sōma Kashima Service Area,〒979-2451 上下線共通：福島県南相馬市鹿島区浮田椵木沢212-1,https://stamp.funakiya.com/hw-minamisomakashima.html,,,設置あり,37.714338963640586, 140.92288276564778
"POINT (140.23525175822098 35.56905803345284)",26101.0,千葉東金道路野呂PA,CHIBA-TOGANE ROAD Noro Parking Area,〒265-0053 上り：千葉県千葉市若葉区野呂町1509-2、下り：千葉県千葉市若葉区野呂町1515-7,https://stamp.funakiya.com/hw-noro.html,,,設置あり,35.56905803345284, 140.23525175822098
"POINT (140.89183966599808 38.039263141797306)",26104.0,常磐自動車道鳥の海PA,JOBAN EXPWY Torinoumi Parking Area,〒989-2324 上下線共通：宮城県亘理郡亘理町逢隈高屋,https://stamp.funakiya.com/hw-torinoumi.html,,,設置あり,38.039263141797306, 140.89183966599808
"POINT (131.33698962939422 34.154966082568734)",26138.0,中国自動車道美東SA,CHUGOKU EXPWY Mitō Service Area,〒754-0122 上り：山口県美祢市美東町真名646、下り：山口県美祢市美東町真名753,https://stamp.funakiya.com/hw-mito.html,,,設置あり,34.154966082568734, 131.33698962939422
"POINT (131.00283901582853 34.049722995576424)",26161.0,中国自動車道王司PA,CHUGOKU EXPWY Ōji Parking Area,〒752-0903 / 752-0911 上り：山口県下関市員光町4-1-1、下り：山口県下関市王司神田4-14-1,https://stamp.funakiya.com/hw-oji.html,,,設置あり,34.049722995576424, 131.00283901582853
"POINT (130.95441434472744 33.963667072188514)",26162.0,関門自動車道壇之浦PA,KANMON EXPWY Dannoura Parking Area,〒751-0814 上り：施設なし、下り：山口県下関市壇之浦町6-1,https://stamp.funakiya.com/hw-dannoura.html,,,設置あり,33.963667072188514, 130.95441434472744
"POINT (139.65206829238593 36.73013298277297)",26206.0,日光宇都宮道路日光口PA,NIKKO-UTSUNOMIYA ROAD Nikkōguchi Parking Area,〒321-1424 上り：栃木県日光市野口1072、下り：栃木県日光市野口1068,https://stamp.funakiya.com/hw-nikkoguchi.html,,,設置あり,36.73013298277297, 139.65206829238593
"POINT (139.36870255601272 35.48980442254123)",26336.0,圏央道厚木PA,KEN-O EXPWY Atsugi Parking Area,〒243-0804 / 243-0803 外回り：神奈川県厚木市関口御嶽下704、内回り：神奈川県厚木市山際南街道1728,https://stamp.funakiya.com/hw-atsugi.html,,,設置あり,35.48980442254123, 139.36870255601272
"POINT (139.30678525514716 35.362711009604816)",26337.0,小田原厚木道路平塚PA,ODAWARA-ATSUGI ROAD Hiratsuka Parking Area,〒259-1212 上り：施設なし、下り：神奈川県平塚市岡崎飯島173-1,https://stamp.funakiya.com/hw-hiratsuka.html,,,設置あり,35.362711009604816, 139.30678525514716
"POINT (139.26929990812636 35.31865763813522)",26338.0,小田原厚木道路大磯PA,ODAWARA-ATSUGI ROAD Ōiso Parking Area,〒259-0103 上り：神奈川県中郡大磯町虫窪、下り：施設なし,https://stamp.funakiya.com/hw-oiso.html,,,設置あり,35.31865763813522, 139.26929990812636
"POINT (139.17329172440427 35.2874252414961)",26340.0,小田原厚木道路小田原PA,ODAWARA-ATSUGI ROAD Odawara Parking Area,〒250-0863 上り：施設なし、下り：神奈川県小田原市飯泉429,https://stamp.funakiya.com/hw-odawara.html,,,設置あり,35.2874252414961, 139.17329172440427
"POINT (139.2333969934715 35.28729859167179)",26341.0,西湘バイパス西湘PA,SEISHO BY-PASS Seisyō Parking Area,〒256-0813 / 256-0812 上り：神奈川県小田原市前川622-2、下り：神奈川県小田原市国府津1-9-1,https://stamp.funakiya.com/hw-seisho.html,,,設置あり,35.28729859167179, 139.2333969934715
"POINT (139.63903999364533 35.252883867134315)",26351.0,横浜横須賀道路横須賀PA,YOKOHAMA-YOKOSUKA ROAD Yokosuka Parking Area,〒238-0032 上り：神奈川県横須賀市平作4丁目、下り：神奈川県横須賀市平作4-847,https://stamp.funakiya.com/hw-yokosuka.html,,,設置あり,35.252883867134315, 139.63903999364533
"POINT (139.53842931245913 35.42177896914801)",26352.0,横浜新道戸塚PA,YOKOHAMA SHINDO Totsuka Parking Area,〒245-0051 / 245-0053 上り：神奈川県横浜市戸塚区名瀬町268、下り：神奈川県横浜市戸塚区上矢部町,https://stamp.funakiya.com/hw-totsuka.html,,,設置あり,35.42177896914801, 139.53842931245913
"POINT (139.60282736106825 35.54394054801286)",26353.0,第三京浜道路都筑PA,DAISAN-KEIHIN ROAD Tsuzuki Parking Area,〒223-0056 上り：神奈川県横浜市港北区新吉田町1-1、下り：施設なし,https://stamp.funakiya.com/hw-tsuzuki.html,,,設置あり,35.54394054801286, 139.60282736106825
"POINT (139.34881334341495 36.34062139238754)",27347.0,北関東自動車道太田強戸PA,KITA-KANTO EXPWY Ōta-Gōdo Parking Area,〒373-0006 東行き：群馬県太田市成塚町、西行き：群馬県太田市成塚町499-7,https://stamp.funakiya.com/hw-otagodo.html,,,設置あり,36.34062139238754, 139.34881334341495
"POINT (139.6804141558315 35.46257463416839)",27355.0,首都高速道路大黒PA,SHUTO EXPWY Daikoku Parking Area,〒230-0054 上下線共通：神奈川県横浜市鶴見区大黒ふ頭15,https://stamp.funakiya.com/hw-daikoku.html,,,設置あり,35.46257463416839, 139.6804141558315
"POINT (130.96377928505476 33.87247164447231)",27387.0,九州自動車道吉志PA,KYUSHU EXPWY Kishi Parking Area,〒800-0114 上り：福岡県北九州市門司区吉志81-2、下り：福岡県北九州市門司区吉志1620,https://stamp.funakiya.com/hw-kishi.html,,,設置あり,33.87247164447231, 130.96377928505476
"POINT (131.91611243076036 34.04292774987041)",27388.0,山陽自動車道下松SA,SANYO EXPWY Kudamatsu Service Area,〒744-0042 上り：山口県下松市切山1476、下り：山口県下松市切山1358,https://stamp.funakiya.com/hw-kudamatsu.html,,,設置あり,34.04292774987041, 131.91611243076036
"POINT (131.79508578073606 34.220536758837866)",27408.0,中国自動車道鹿野SA,CHUGOKU EXPWY Kano Service Area,〒745-0303 上り：山口県周南市鹿野中1664、下り：山口県周南市鹿野中1745,https://stamp.funakiya.com/hw-kano.html,,,設置あり,34.220536758837866, 131.79508578073606
"POINT (130.76696887031378 32.260867792436386)",27414.0,九州自動車道山江SA,KYUSHU EXPWY Yamae Service Area,〒868-0092 上り：熊本県球磨郡山江村山田庚申2480-17、下り：熊本県球磨郡山江村山田庚申2600,https://stamp.funakiya.com/hw-yamae.html,,,設置あり,32.260867792436386, 130.76696887031378
"POINT (130.9629859696888 33.958111834947466)",27523.0,関門自動車道めかりPA,KANMON EXPWY Mekari Parking Area,〒801-0855 上り：福岡県北九州市門司区門司3491、下り：施設なし,https://stamp.funakiya.com/hw-mekari.html,,,設置あり,33.958111834947466, 130.9629859696888
"POINT (141.13081678008564 39.61870600187946)",27758.0,東北自動車道矢巾PA,TOHOKU EXPWY Yahaba Parking Area,〒028-3622 / 028-3623 上り：岩手県紫波郡矢巾町上矢次3地割向井1-2、下り：岩手県紫波郡矢巾町煙山第19地割25-3,https://stamp.funakiya.com/hw-yahaba.html,,,設置あり,39.61870600187946, 141.13081678008564
"POINT (141.11027765126542 39.78039171844101)",27762.0,東北自動車道滝沢PA,TOHOKU EXPWY Takizawa Parking Area,〒020-0615 / 020-0617 上り：岩手県滝沢市卯遠坂340-10、下り：岩手県滝沢市湯舟沢340-1,https://stamp.funakiya.com/hw-takizawa.html,,,設置あり,39.78039171844101, 141.11027765126542
"POINT (140.80190847503377 40.183802668587745)",27792.0,東北自動車道花輪SA,TOHOKU EXPWY Hanawa Service Area,〒018-5201 上り：秋田県鹿角市花輪張渡11-24、下り：秋田県鹿角市花輪火附森65-3,https://stamp.funakiya.com/hw-hanawa.html,,,設置あり,40.183802668587745, 140.80190847503377
"POINT (135.15420591604777 34.83183422678545)",27832.0,山陽自動車道淡河PA,SANYO EXPWY Ōgō Parking Area,〒651-1622 上り：兵庫県神戸市北区淡河町神田日光869-1、下り：兵庫県神戸市北区淡河町神田日光835-1,https://stamp.funakiya.com/hw-ogo.html,,,設置あり,34.83183422678545, 135.15420591604777
"POINT (138.88421497475403 35.60017305140318)",27836.0,中央自動車道初狩PA,CHUO EXPWY Hatsukari Parking Area,〒401-0022 / 401-0021 上り：山梨県大月市初狩町1318、下り：山梨県大月市初狩町下初狩1382,https://stamp.funakiya.com/hw-hatsukari.html,,,設置あり,35.60017305140318, 138.88421497475403
"POINT (139.3744404425104 35.68007571429003)",27837.0,中央自動車道石川PA,CHUO EXPWY Ishikawa Parking Area,〒192-0032 上り：東京都八王子市石川町956-2、下り：東京都八王子市石川町2975,https://stamp.funakiya.com/hw-ishikawa.html,,,設置あり,35.68007571429003, 139.3744404425104
"POINT (142.45933968414806 43.89056281382739)",27851.0,道央自動車道比布大雪PA,DO-O EXPWY Pipputaisetsu Parking Area,〒078-0326 上り：北海道上川郡比布町北6線7、下り：北海道上川郡比布町北6線,https://stamp.funakiya.com/hw-pipputaisetsu.html,,,設置あり,43.89056281382739, 142.45933968414806
"POINT (139.93358619080385 35.67767793423623)",27891.0,首都高速道路市川PA,SHUTO EXPWY Ichikawa Parking Area,〒272-0125 西行き：千葉県市川市高浜町11-4、東行き：PAなし,https://stamp.funakiya.com/hw-ichikawa.html,,,設置あり,35.67767793423623, 139.93358619080385
"POINT (139.15810473761545 35.616163763046615)",27908.0,中央自動車道藤野PA,CHUO EXPWY Fujino Parking Area,〒252-0184 上り：神奈川県相模原市緑区小渕2256、下り：神奈川県相模原市緑区小渕2256-2,https://stamp.funakiya.com/hw-fujino.html,,,設置あり,35.616163763046615, 139.15810473761545
"POINT (142.41636176940202 43.00542496169014)",27926.0,道東自動車道占冠PA,DOTO EXPWY Shimukappu Parking Area,〒079-2202 上り：北海道勇払郡占冠村シムカプ原野196-5、下り：北海道勇払郡占冠村シムカプ原野135-10,https://stamp.funakiya.com/hw-shimukappu.html,,,設置あり,43.00542496169014, 142.41636176940202
"POINT (138.94512209117624 36.778085672253575)",28302.0,関越自動車道谷川岳PA,KAN-ETSU EXPWY Tanigawadake Parking Area,〒379-1618 上り：群馬県利根郡みなかみ町阿能川1043、下り：群馬県利根郡みなかみ町阿能川黒川ハタ1059-7,https://stamp.funakiya.com/hw-tanigawadake.html,,,設置あり,36.778085672253575, 138.94512209117624
"POINT (138.9501626817181 37.164241030462954)",28310.0,関越自動車道大和PA,KAN-ETSU EXPWY Yamato Parking Area,〒949-7231 上り：新潟県南魚沼市茗荷沢、下り：新潟県南魚沼市茗荷沢1542-3,https://stamp.funakiya.com/hw-yamato.html,上り：2005/9/20 無人化、下り：2020/3/31 無人化,,設置なし,37.164241030462954, 138.9501626817181
"POINT (140.76626793311019 38.167113775605515)",28312.0,東北自動車道菅生PA,TOHOKU EXPWY Sugō Parking Area,〒989-1301 上り：宮城県柴田郡村田町菅生新堀28、下り：宮城県柴田郡村田町菅生新堀57,https://stamp.funakiya.com/hw-sugo.html,,,設置あり,38.167113775605515, 140.76626793311019
"POINT (140.38275274622777 37.51573366567117)",28314.0,東北自動車道安達太良SA,TOHOKU EXPWY Adatara Service Area,〒969-1158 上り：福島県本宮市本宮天ヶ221、下り：福島県本宮市本宮平井228,https://stamp.funakiya.com/hw-adachitara.html,,,設置あり,37.51573366567117, 140.38275274622777
"POINT (138.78301827092886 37.32549694268801)",28324.0,関越自動車道山谷PA,KAN-ETSU EXPWY Yamaya Parking Area,〒947-0043 上り：新潟県小千谷市山谷城之腰325-1、下り：新潟県小千谷市山谷城之腰359,https://stamp.funakiya.com/hw-yamaya.html,,,設置あり,37.32549694268801, 138.78301827092886
"POINT (141.21379117039547 43.12256181935912)",28325.0,札樽自動車道金山PA,SASSON EXPWY Kanayama Service Area,〒006-0039 上り：北海道札幌市手稲区稲穂五条6-202-52、下り：北海道札幌市手稲区稲穂四条7-73-6,https://stamp.funakiya.com/hw-kanayama.html,,,設置あり,43.12256181935912, 141.21379117039547
"POINT (141.46480804866925 42.610141927643575)",28328.0,道央自動車道樽前SA,DO-O EXPWY Tarumae Service Area,〒059-1275 上り：北海道苫小牧市錦岡495-1008、下り：北海道苫小牧市錦岡495-1009,https://stamp.funakiya.com/hw-tarumae.html,,,設置あり,42.610141927643575, 141.46480804866925
"POINT (140.90787271603975 42.46539320842013)",28351.0,道央自動車道有珠山SA,DO-O EXPWY Usuzan Service Area,〒052-0003 上り：北海道伊達市幌美内町6-4、下り：北海道伊達市幌美内町21-71,https://stamp.funakiya.com/hw-usuzan.html,,,設置あり,42.46539320842013, 140.90787271603975
"POINT (136.46585685008583 34.96173987035624)",28352.0,新名神高速道路鈴鹿PA,SHIN-MEISHIN EXPWY Suzuka Parking Area,〒519-0315 上下線共通：三重県鈴鹿市山本町634-4,https://stamp.funakiya.com/hw-suzuka.html,,,設置あり,34.96173987035624, 136.46585685008583
"POINT (141.42400512857103 40.29731821480633)",28364.0,八戸自動車道折爪SA,HACHINOHE EXPWY Oritsume Service Area,〒028-6222 上り：岩手県九戸郡軽米町山内第四地割駒板111-62-1、下り：岩手県九戸郡軽米町山内第四地割駒板111-62-2,https://stamp.funakiya.com/hw-oritsume.html,,,設置あり,40.29731821480633, 141.42400512857103
"POINT (140.578742463809 37.906764771401384)",28448.0,東北自動車道国見SA,TOHOKU EXPWY Kunimi Service Area,〒969-1711 上り：福島県伊達郡国見町貝田神前、下り：福島県伊達郡国見町貝田山口12,https://stamp.funakiya.com/hw-kunimi.html,,,設置あり,37.906764771401384, 140.578742463809
"POINT (133.64448888686536 34.56815215545336)",28542.0,山陽自動車道道口PA,SANYO EXPWY Michiguchi Parking Area,〒713-8115 上り：岡山県倉敷市玉島道口2106-2、下り：岡山県倉敷市玉島道口2164-2,https://stamp.funakiya.com/hw-michiguchi.html,,,設置あり,34.56815215545336, 133.64448888686536
"POINT (134.95797822647984 34.70462124566915)",28552.0,第二神明道路明石SA,DAINI SHINMEI ROAD Akashi Service Area,〒674-0053 上下線共通：兵庫県明石市大久保町松陰1126-50,https://stamp.funakiya.com/hw-akashi.html,,,設置あり,34.70462124566915, 134.95797822647984
"POINT (130.68056440047994 32.54400410321782)",28558.0,九州自動車道宮原SA,KYUSHU EXPWY Miyahara Service Area,〒869-4606 上り：熊本県八代郡氷川町早尾683、下り：熊本県八代郡氷川町早尾1051,https://stamp.funakiya.com/hw-miyahara.html,,,設置あり,32.54400410321782, 130.68056440047994
"POINT (136.05904374701677 35.04337543939167)",28565.0,名神高速道路菩提寺PA,MEISHIN EXPWY Bodaiji Parking Area,〒520-3242 上り：滋賀県湖南市菩提寺329-5、下り：滋賀県湖南市菩提寺329-4,https://stamp.funakiya.com/hw-bodaiji.html,,,設置あり,35.04337543939167, 136.05904374701677
"POINT (133.63680895139854 34.057281600327464)",28578.0,高松自動車道豊浜SA,TAKAMATSU EXPWY Toyohama Parking Area,〒769-1604 上り：香川県観音寺市豊浜町箕浦東原甲2180-1、下り：香川県観音寺市豊浜町箕浦尾崎甲1842-2,https://stamp.funakiya.com/hw-toyohama.html,,,設置あり,34.057281600327464, 133.63680895139854
"POINT (130.75652264199095 32.70928732902312)",28588.0,九州自動車道緑川PA,KYUSHU EXPWY Midorikawa Parking Area,〒861-4213 / 861-4615 上り：熊本県熊本市南区城南町出水1167-3、下り：熊本県上益城郡甲佐町府領1026-1,https://stamp.funakiya.com/hw-midorikawa.html,,,設置あり,32.70928732902312, 130.75652264199095
"POINT (131.4630828225056 33.33532209999554)",28627.0,東九州自動車道別府湾SA,HIGASHI-KYUSHU EXPWY Beppuwan Service Area,〒874-0011 上り：大分県別府市内竈扇山3677-43-2、下り：大分県別府市内竈扇山3677-43-1,https://stamp.funakiya.com/hw-beppuwan.html,,,設置あり,33.33532209999554, 131.4630828225056
"POINT (134.6819836070623 34.25993647451872)",28816.0,神戸淡路鳴門自動車道淡路島南PA,KOBE-AWAJI-NARUTO EXPWY Awajishima-Minami Parking Area,〒656-0661 上り：兵庫県南あわじ市阿那賀731-8、下り：兵庫県南あわじ市阿那賀608,https://stamp.funakiya.com/hw-awajishimaminami.html,,,設置あり,34.25993647451872, 134.6819836070623
"POINT (135.44535965252518 34.66292836841869)",28818.0,阪神高速道路朝潮橋PA,HANSHIN EXPWY Asashiobashi Parking Area,〒552-0006 上り：大阪府大阪市港区石田3-1-25、下り：施設なし,https://stamp.funakiya.com/hw-asashiobashi.html,,,設置あり,34.66292836841869, 135.44535965252518
"POINT (141.90113365083945 42.90637545881691)",28862.0,道東自動車道由仁PA,DOTO EXPWY Yuni Parking Area,〒069-1141 上り：北海道夕張郡由仁町川端1420-2、下り：北海道夕張郡由仁町川端1420-2,https://stamp.funakiya.com/hw-yuni.html,,,設置あり,42.90637545881691, 141.90113365083945
"POINT (132.4033031519015 34.498923226983884)",28875.0,広島自動車道久地PA,HIROSHIMA EXPWY Kuchi Parking Area,〒731-3362 上り：広島県広島市安佐北区安佐町久地1813、下り：広島県広島市安佐北区安佐町久地1834,https://stamp.funakiya.com/hw-kuchi.html,,,設置あり,34.498923226983884, 132.4033031519015
"POINT (136.65644365063525 35.08513063519016)",28887.0,東名阪自動車道大山田PA,HIGASHI-MEIHAN EXPWY Ooyamada Parking Area,〒511-0862 / 511-0861 上り：三重県桑名市播磨仏谷1500、下り：三重県桑名市蛎塚新田大谷79-1,https://stamp.funakiya.com/hw-ooyamada.html,,,設置あり,35.08513063519016, 136.65644365063525
"POINT (143.023267106415 42.981482571893785)",28891.0,道東自動車道十勝平原SA,DOTO EXPWY Tokachiheigen Parking Area,〒082-0009 上り：北海道河西郡芽室町祥栄西16線、下り：北海道河西郡芽室町祥栄西17線23-5,https://stamp.funakiya.com/hw-tokachiheigen.html,,,設置あり,42.981482571893785, 143.023267106415
"POINT (135.09029284410482 34.65160412970604)",28897.0,第二神明道路垂水PA,DAINI SHINMEI ROAD Tarumi Service Area,〒655-0861 上り：施設なし、下り：兵庫県神戸市垂水区下畑町鎌谷552-2,https://stamp.funakiya.com/hw-tarumi.html,,,設置あり,34.65160412970604, 135.09029284410482
"POINT (135.94804586267796 34.978364494621296)",28907.0,名神高速道路草津PA,MEISHIN EXPWY Kusatsu Parking Area,〒520-2152 / 525-0072 上り：滋賀県大津市月輪5-8-9、下り：滋賀県草津市笠山5-2-60,https://stamp.funakiya.com/hw-kusatsu.html,,,設置あり,34.978364494621296, 135.94804586267796
"POINT (143.33545696785126 42.99167195336535)",28910.0,道東自動車道長流枝PA,DOTO EXPWY Osarushi Parking Area,〒080-0271 上り：北海道河東郡音更町長流枝6-110、下り：北海道河東郡音更町長流枝幹線,https://stamp.funakiya.com/hw-osarushi.html,,,設置あり,42.99167195336535, 143.33545696785126
"POINT (135.6817638826393 34.55846647537565)",28925.0,西名阪自動車道香芝SA,NISHI-MEIHAN EXPWY Kashiba Service Area,〒639-0264 / 639-0265 上り：奈良県香芝市今泉1343-1、下り：奈良県香芝市上中1344,https://stamp.funakiya.com/hw-kashiba.html,,,設置あり,34.55846647537565, 135.6817638826393
"POINT (135.81351301223876 34.61612974839833)",28942.0,西名阪自動車道天理PA,NISHI-MEIHAN EXPWY Tenri Service Area,〒639-1114 / 639-1113 上り：奈良県大和郡山市新庄町ウツキ田104-1、下り：奈良県大和郡山市櫟枝町三ノ坪195-1,https://stamp.funakiya.com/hw-tenri.html,,,設置あり,34.61612974839833, 135.81351301223876
"POINT (127.78051204430824 26.274681570337734)",28952.0,沖縄自動車道中城PA,OKINAWA EXPWY Nakagusuku Parking Area,〒901-2422 上り：沖縄県中頭郡中城村新垣1825、下り：沖縄県中頭郡中城村新垣1858,https://stamp.funakiya.com/hw-nakagusuku.html,,,設置あり,26.274681570337734, 127.78051204430824
"POINT (134.40986603765825 34.140632346748596)",28956.0,徳島自動車道上板SA,TOKUSHIMA EXPWY Kamiita Parking Area,〒771-1320 上り：徳島県板野郡上板町神宅菖蒲谷72-3、下り：徳島県板野郡上板町神宅山田99-16,https://stamp.funakiya.com/hw-kamiita.html,,,設置あり,34.140632346748596, 134.40986603765825
"POINT (139.04567059693488 35.62798809232622)",29958.0,中央自動車道談合坂SA,CHUO EXPWY Dangōzaka Service Area,〒409-0123 上り：山梨県上野原市大野4943、下り：山梨県上野原市大野窪710,https://stamp.funakiya.com/hw-dangozaka.html,,,設置あり,35.62798809232622, 139.04567059693488
"POINT (140.58131439864368 40.56541181873573)",30304.0,東北自動車道津軽SA,TOHOKU EXPWY Tsugaru Service Area,〒036-0141 上り：青森県平川市沖館比山館21-1、下り：青森県平川市沖館比山館32,https://stamp.funakiya.com/hw-tsugaru.html,,,設置あり,40.56541181873573, 140.58131439864368
"POINT (136.89552 35.49033)",30332.0,東海北陸自動車道関SA,TOKAI-HOKURIKU EXPWY Seki Service Area,〒501-3265 上り：岐阜県関市小瀬首次2832、下り：施設なし,https://stamp.funakiya.com/hw-seki.html,,,設置あり,35.49033, 136.89552
"POINT (137.04917 35.04034)",30340.0,伊勢湾岸自動車道刈谷PA,ISEWANGAN EXPWY Kariya Parking Area,〒448-0007 上り：愛知県刈谷市東境町松ケ枝63-1 下り：愛知県刈谷市東境町吉野22-3 ハイウェイオアシス：愛知県刈谷市東境町吉野55,https://stamp.funakiya.com/hw-kariya.html,,,設置あり,35.04034, 137.04917
"POINT (133.16995 34.35263)",30365.0,西瀬戸自動車道大浜PA,SHIMANAMI EXPWY Ōhama Parking Area,〒722-2101 上り：広島県尾道市因島大浜町二区137、下り：広島県尾道市因島大浜町570-1,https://stamp.funakiya.com/hw-ohama.html,,,設置あり,34.35263, 133.16995
"POINT (136.897013 35.509531)",30367.0,東海北陸自動車道長良川SA,TOKAI-HOKURIKU EXPWY Nagaragawa Service Area,〒501-3217 上り：施設なし、下り：岐阜県関市下有知重竹962,https://stamp.funakiya.com/hw-nagaragawa.html,,,設置あり,35.509531, 136.897013
"POINT (130.71802235297173 32.89426291433273)",30384.0,九州自動車道北熊本SA,KYUSHU EXPWY Kitakumamoto Service Area,〒861-5501 上り：熊本県熊本市北区改寄町1199、下り：熊本県熊本市北区改寄町1563,https://stamp.funakiya.com/hw-kitakumamoto.html,,,設置あり,32.89426291433273, 130.71802235297173
"POINT (135.39583 34.50814)",30612.0,阪神高速道路泉大津PA,HANSHIN EXPWY Isumiotsu Parking Area,〒595-0055 海側：大阪府泉大津市なぎさ町6-1、陸側：大阪府泉大津市なぎさ町5-1,https://stamp.funakiya.com/hw-izumiotsu.html,,,設置あり,34.50814, 135.39583
"POINT (135.1834184973889 35.25555427207999)",30641.0,舞鶴若狭自動車道六人部PA,MAIZURU-WAKASA EXPWY Mutobe Parking Area,〒620-0836 / 620-0833 上り：京都府福知山市大内、下り：京都府福知山市宮上ノ山70,https://stamp.funakiya.com/hw-mutobe.html,2024/3/31 無人化,,設置なし,35.25555427207999, 135.1834184973889
"POINT (136.80865566720593 35.37078365612098)",30928.0,東海北陸自動車道川島PA,TOKAI-HOKURIKU EXPWY Kawashima Service Area,〒501-6021 上り：施設なし 下り：岐阜県各務原市川島笠田町1472,https://stamp.funakiya.com/hw-kawashima.html,,,設置あり,35.37078365612098, 136.80865566720593
"POINT (136.39617482028646 35.33410372848168)",30936.0,名神高速道路伊吹PA,MEISHIN EXPWY Ibuki Parking Area,〒521-0202 上り：滋賀県米原市柏原3231、下り：滋賀県米原市柏原3864-2,https://stamp.funakiya.com/hw-ibuki.html,,,設置あり,35.33410372848168, 136.39617482028646
"POINT (133.66195325187866 34.87356740326632)",31022.0,岡山自動車道高梁SA,OKAYAMA EXPWY Takahashi Parking Area,〒716-1311 上り：岡山県高梁市巨瀬町1163-45、下り：岡山県高梁市巨瀬町1165-35,https://stamp.funakiya.com/hw-takahashi.html,,,設置あり,34.87356740326632, 133.66195325187866
"POINT (136.1919683759207 35.07951035079989)",31154.0,名神高速道路黒丸PA,MEISHIN EXPWY Kuromaru Parking Area,〒527-0073 上り：滋賀県東近江市蛇溝町1251、下り：滋賀県東近江市蛇溝町1251,https://stamp.funakiya.com/hw-kuromaru.html,,,設置あり,35.07951035079989, 136.1919683759207
"POINT (136.24981287950172 34.83778865921233)",31215.0,名阪国道伊賀SA,MEIHAN EXPWY Iga Parking Area,〒519-1402 上り：三重県伊賀市柘植町6427、下り：三重県伊賀市柘植町6187-1,https://stamp.funakiya.com/hw-iga.html,,,設置あり,34.83778865921233, 136.24981287950172
"POINT (136.8463285703882 35.27834143103709)",31228.0,名神高速道路尾張一宮PA,MEISHIN EXPWY Owari-Ichinomiya Service Area,〒491-0826 / 491-0815 上り：愛知県一宮市丹陽町三ツ井東金浦2709、下り：愛知県一宮市千秋町塩尻猫島30-1,https://stamp.funakiya.com/hw-owariichinomiya.html,,,設置あり,35.27834143103709, 136.8463285703882
"POINT (131.11724416264428 33.281818452716976)",31253.0,大分自動車道玖珠SA,OITA EXPWY Kusu Parking Area,〒879-4331 上り：大分県玖珠郡玖珠町戸畑666、下り：大分県玖珠郡玖珠町戸畑498,https://stamp.funakiya.com/hw-kusu.html,,,設置あり,33.281818452716976, 131.11724416264428
"POINT (136.953401381093 35.67189185199319)",31280.0,東海北陸自動車道瓢ヶ岳PA,TOKAI-HOKURIKU EXPWY Fukubegatake Service Area,〒501-4103 上り：施設なし、下り：岐阜県郡上市美並町山田681-2,https://stamp.funakiya.com/hw-fukubegatake.html,,,設置あり,35.67189185199319, 136.953401381093
